Symbol,Name,1H Chikou Direction,1H Chikou Count,1H Chikou State,Close,1D Chikou Direction,1D Chikou Count,1D Chikou State,1W Chikou Direction,1W Chikou Count,1W Chikou State,1M Chikou Direction,1M Chikou Count,1M Chikou State,Chikou Score Sum
A,Agilent Technologies,-1,-28,below chikou,169.3300018310547,1,55,above chikou,1,11,above chikou,1,3,above chikou,41
AA,Alcoa,1,14,above chikou,43.4900016784668,-1,-15,below chikou,-1,-15,below chikou,1,13,above chikou,-3
AAL,American Airlines Group,-1,-34,below chikou,13.0,-1,-53,below chikou,1,11,above chikou,1,5,above chikou,-71
AAOI,Applied Optoelectronics,1,28,above chikou,121.56999969482422,1,2,above chikou,0,58,above chikou,1,39,above chikou,127
AAON,AAON,1,7,above chikou,88.06999969482422,1,8,above chikou,0,3,above chikou,0,53,above chikou,71
AAPL,Apple Inc.,1,2,above chikou,333.6300048828125,1,21,above chikou,1,56,above chikou,1,277,above chikou,356
ABBV,AbbVie,1,6,above chikou,265.760009765625,1,1,above chikou,1,16,above chikou,1,77,above chikou,100
ABNB,Airbnb,1,1,above chikou,164.07000732421875,-1,-14,below chikou,1,33,above chikou,1,3,above chikou,23
ABT,Abbott Laboratories,0,-62,below chikou,98.16000366210938,-1,-20,below chikou,0,-5,below chikou,-1,-1,below chikou,-88
ACGL,Arch Capital Group,1,7,above chikou,94.81999969482422,-1,-40,below chikou,-1,-2,below chikou,0,76,above chikou,41
ACI,Albertsons,-1,-10,below chikou,11.510000228881836,-1,-10,below chikou,-1,-25,below chikou,-1,-14,below chikou,-59
ACM,AECOM,0,22,above chikou,60.15999984741211,-1,-26,below chikou,-1,-47,below chikou,-1,-8,below chikou,-59
ACN,Accenture,-1,-2,below chikou,193.3999938964844,1,4,above chikou,0,2,above chikou,-1,-15,below chikou,-11
ADBE,Adobe Inc.,0,-5,below chikou,238.1199951171875,-1,-16,below chikou,0,8,above chikou,-1,-15,below chikou,-28
ADC,Agree Realty,0,-34,below chikou,65.79000091552734,-1,-42,below chikou,-1,-8,below chikou,0,28,above chikou,-56
ADI,Analog Devices,1,91,above chikou,420.5499877929688,1,8,above chikou,1,74,above chikou,1,194,above chikou,367
ADM,Archer Daniels Midland,1,16,above chikou,82.20999908447266,1,2,above chikou,1,69,above chikou,1,8,above chikou,95
ADP,Automatic Data Processing,-1,-1,below chikou,262.3599853515625,-1,-11,below chikou,1,11,above chikou,1,4,above chikou,3
ADSK,Autodesk,1,24,above chikou,231.27999877929688,-1,-23,below chikou,0,-6,below chikou,0,-2,below chikou,-7
ADT,ADT Inc.,1,22,above chikou,6.210000038146973,-1,-20,below chikou,-1,-2,below chikou,0,-2,below chikou,-2
AEE,Ameren,1,6,above chikou,101.68000030517578,-1,-48,below chikou,-1,-6,below chikou,1,26,above chikou,-22
AEIS,Advanced Energy,1,89,above chikou,302.7699890136719,1,5,above chikou,-1,-8,below chikou,1,40,above chikou,126
AEP,American Electric Power,1,38,above chikou,121.66999816894533,-1,-48,below chikou,-1,-8,below chikou,1,28,above chikou,10
AES,AES Corporation,1,59,above chikou,14.93000030517578,1,62,above chikou,1,6,above chikou,0,-8,below chikou,119
AFG,American Financial Group,1,20,above chikou,140.07000732421875,-1,-25,below chikou,1,16,above chikou,1,69,above chikou,80
AFL,Aflac,1,7,above chikou,113.62999725341795,-1,-35,below chikou,1,61,above chikou,1,70,above chikou,103
AFRM,Affirm Holdings,1,22,above chikou,74.75,-1,-19,below chikou,1,16,above chikou,1,27,above chikou,46
AGCO,AGCO,1,6,above chikou,116.19000244140624,1,25,above chikou,0,4,above chikou,1,9,above chikou,44
AGNC,AGNC Investment,-1,-69,below chikou,8.699999809265137,-1,-19,below chikou,-1,-2,below chikou,1,28,above chikou,-62
AGO,Assured Guaranty,1,14,above chikou,69.43000030517578,-1,-42,below chikou,-1,-10,below chikou,-1,-2,below chikou,-40
AHR,American Healthcare REIT,0,-36,below chikou,50.470001220703125,-1,-30,below chikou,1,16,above chikou,1,7,above chikou,-43
AIG,American International Group,0,8,above chikou,75.11000061035156,-1,-40,below chikou,0,-8,below chikou,1,69,above chikou,29
AIT,Applied Industrial Technologies,1,85,above chikou,344.989990234375,1,2,above chikou,1,28,above chikou,1,71,above chikou,186
AIZ,Assurant,1,24,above chikou,270.9599914550781,-1,-18,below chikou,1,60,above chikou,1,27,above chikou,93
AJG,Arthur J. Gallagher & Co.,0,-2,below chikou,229.8500061035156,-1,-15,below chikou,1,9,above chikou,-1,-2,below chikou,-10
AKAM,Akamai Technologies,1,3,above chikou,108.62000274658205,0,-36,below chikou,0,48,above chikou,1,6,above chikou,21
ALAB,Astera Labs,1,8,above chikou,362.3399963378906,1,11,above chikou,1,25,above chikou,1,6,above chikou,50
ALB,Albemarle Corporation,1,6,above chikou,106.3499984741211,-1,-18,below chikou,-1,-16,below chikou,1,10,above chikou,-18
ALGM,Allegro MicroSystems,1,21,above chikou,38.459999084472656,1,2,above chikou,1,37,above chikou,1,10,above chikou,70
ALGN,Align Technology,-1,-17,below chikou,141.4499969482422,-1,-36,below chikou,-1,-8,below chikou,-1,-50,below chikou,-111
ALK,Alaska Air Group,1,7,above chikou,39.88999938964844,-1,-54,below chikou,0,3,above chikou,1,18,above chikou,-26
ALL,Allstate,0,6,above chikou,224.2700042724609,-1,-24,below chikou,1,19,above chikou,1,36,above chikou,37
ALLE,Allegion,1,6,above chikou,153.6699981689453,-1,-24,below chikou,1,5,above chikou,1,32,above chikou,19
ALLY,Ally Financial,1,14,above chikou,37.630001068115234,-1,-20,below chikou,-1,-1,below chikou,0,28,above chikou,21
ALM,Almonty Industries,0,4,above chikou,13.520000457763672,-1,-9,below chikou,-1,-5,below chikou,1,24,above chikou,14
ALNY,Alnylam Pharmaceuticals,-1,-29,below chikou,223.94000244140625,0,-4,below chikou,-1,-36,below chikou,-1,-1,below chikou,-70
ALSN,Allison Transmission,1,25,above chikou,115.75,-1,-14,below chikou,-1,-1,below chikou,1,53,above chikou,63
AM,Antero Midstream,1,14,above chikou,20.559999465942383,-1,-14,below chikou,-1,-4,below chikou,1,66,above chikou,62
AMAT,Applied Materials,0,90,above chikou,530.27001953125,1,6,above chikou,1,58,above chikou,1,77,above chikou,231
AMCR,Amcor,1,2,above chikou,41.79999923706055,-1,-19,below chikou,1,5,above chikou,-1,-1,below chikou,-13
AMD,Advanced Micro Devices,1,22,above chikou,649.4199829101562,1,20,above chikou,1,69,above chikou,1,36,above chikou,147
AME,Ametek,1,20,above chikou,253.72000122070312,1,7,above chikou,1,57,above chikou,1,117,above chikou,201
AMG,Affiliated Managers Group,1,21,above chikou,379.7200012207031,1,9,above chikou,1,68,above chikou,1,31,above chikou,129
AMGN,Amgen,-1,-26,below chikou,402.6000061035156,-1,-18,below chikou,1,52,above chikou,1,179,above chikou,187
AMH,American Homes 4 Rent,1,2,above chikou,30.07999992370605,-1,-23,below chikou,1,21,above chikou,-1,-13,below chikou,-13
AMKR,Amkor Technology,1,21,above chikou,53.38999938964844,1,7,above chikou,0,60,above chikou,1,13,above chikou,101
AMP,Ameriprise Financial,1,1,above chikou,496.6099853515625,-1,-15,below chikou,1,13,above chikou,1,77,above chikou,76
AMT,American Tower,1,5,above chikou,164.77999877929688,-1,-9,below chikou,-1,-15,below chikou,-1,-8,below chikou,-27
AMTM,Amentum,1,14,above chikou,18.239999771118164,-1,-30,below chikou,-1,-20,below chikou,0,0,neutral chikou,-36
AMZN,Amazon,1,23,above chikou,256.2900085449219,-1,-21,below chikou,1,27,above chikou,1,32,above chikou,61
AN,AutoNation,0,-4,below chikou,158.13999938964844,-1,-32,below chikou,-1,-4,below chikou,-1,-1,below chikou,-41
ANET,Arista Networks,1,18,above chikou,206.8999938964844,1,9,above chikou,1,26,above chikou,1,71,above chikou,124
AON,Aon plc,-1,-20,below chikou,273.989990234375,-1,-26,below chikou,-1,-6,below chikou,-1,-2,below chikou,-54
AOS,A. O. Smith,1,5,above chikou,56.900001525878906,-1,-25,below chikou,-1,-31,below chikou,-1,-8,below chikou,-59
APA,APA Corporation,1,27,above chikou,44.09999847412109,1,4,above chikou,1,59,above chikou,1,8,above chikou,98
APD,Air Products,1,4,above chikou,281.0,-1,-18,below chikou,0,-2,below chikou,1,9,above chikou,-7
APG,APi Group,1,91,above chikou,40.65999984741211,-1,-19,below chikou,0,-13,below chikou,1,53,above chikou,112
APH,Amphenol,1,84,above chikou,88.62000274658203,1,9,above chikou,1,20,above chikou,1,78,above chikou,191
APLD,Applied Digital,1,7,above chikou,24.700000762939453,-1,-28,below chikou,0,-13,below chikou,1,29,above chikou,-5
APO,Apollo Global Management,1,1,above chikou,115.9499969482422,-1,-15,below chikou,1,9,above chikou,0,117,above chikou,112
APP,AppLovin,-1,-57,below chikou,281.9700012207031,-1,-4,below chikou,-1,-19,below chikou,1,30,above chikou,-50
APPF,AppFolio,0,24,above chikou,204.25,-1,-6,below chikou,1,10,above chikou,0,-8,below chikou,20
APTV,Aptiv,1,14,above chikou,44.720001220703125,-1,-65,below chikou,-1,-33,below chikou,-1,-45,below chikou,-129
AR,Antero Resources,1,14,above chikou,34.689998626708984,-1,-13,below chikou,-1,-4,below chikou,1,20,above chikou,17
ARE,Alexandria Real Estate Equities,0,-71,below chikou,45.91999816894531,-1,-7,below chikou,1,8,above chikou,-1,-45,below chikou,-115
ARES,Ares Management,1,7,above chikou,117.12999725341795,-1,-18,below chikou,1,9,above chikou,-1,-2,below chikou,-4
ARMK,Aramark,1,21,above chikou,55.22999954223633,-1,-13,below chikou,1,34,above chikou,1,53,above chikou,95
ARW,Arrow Electronics,1,22,above chikou,240.3999938964844,1,16,above chikou,1,37,above chikou,1,10,above chikou,85
ARWR,Arrowhead Pharmaceuticals,-1,-20,below chikou,61.540000915527344,-1,-27,below chikou,0,61,above chikou,1,13,above chikou,27
AS,Amer Sports,1,14,above chikou,27.46999931335449,-1,-39,below chikou,-1,-19,below chikou,1,7,above chikou,-37
ASND,Ascendis Pharma,-1,-1,below chikou,228.02999877929688,-1,-15,below chikou,0,87,above chikou,1,32,above chikou,103
ASTS,AST SpaceMobile,1,7,above chikou,58.43999862670898,-1,-18,below chikou,-1,-14,below chikou,1,29,above chikou,4
ATI,ATI Inc.,1,40,above chikou,194.69000244140625,-1,-18,below chikou,1,76,above chikou,1,57,above chikou,155
ATO,Atmos Energy,1,21,above chikou,159.74000549316406,-1,-46,below chikou,-1,-8,below chikou,1,57,above chikou,24
ATR,AptarGroup,0,-69,below chikou,120.25,-1,-25,below chikou,-1,-9,below chikou,-1,-7,below chikou,-110
AU,AngloGold Ashanti,-1,-14,below chikou,93.5500030517578,-1,-8,below chikou,-1,-1,below chikou,1,36,above chikou,13
AUGO,Aura Minerals,1,21,above chikou,85.16999816894531,-1,-6,below chikou,0,10,above chikou,0,0,neutral chikou,25
AUR,Aurora Innovation,1,19,above chikou,5.75,0,-18,below chikou,1,24,above chikou,1,27,above chikou,52
AVAV,AeroVironment,1,4,above chikou,143.5399932861328,-1,-27,below chikou,-1,-31,below chikou,-1,-4,below chikou,-58
AVGO,Broadcom,1,14,above chikou,375.80999755859375,0,-36,below chikou,1,27,above chikou,1,181,above chikou,186
AVT,Avnet,1,22,above chikou,106.37000274658205,1,11,above chikou,1,37,above chikou,1,58,above chikou,128
AVTR,Avantor,1,15,above chikou,15.8100004196167,1,90,above chikou,1,11,above chikou,-1,-49,below chikou,67
AVY,Avery Dennison,-1,-4,below chikou,168.4499969482422,-1,-18,below chikou,0,3,above chikou,-1,-8,below chikou,-27
AWI,Armstrong World Industries,1,21,above chikou,164.8699951171875,-1,-24,below chikou,0,-4,below chikou,1,33,above chikou,26
AWK,American Water Works,0,-14,below chikou,128.0399932861328,-1,-12,below chikou,-1,-2,below chikou,-1,-1,below chikou,-29
AXON,Axon Enterprise,1,1,above chikou,418.6199951171875,-1,-24,below chikou,0,-6,below chikou,1,108,above chikou,79
AXP,American Express,1,1,above chikou,304.54998779296875,-1,-25,below chikou,0,6,above chikou,1,35,above chikou,17
AXS,AXIS Capital,1,18,above chikou,96.16000366210938,-1,-45,below chikou,0,-8,below chikou,1,58,above chikou,23
AXSM,Axsome Therapeutics,-1,-100,below chikou,177.0800018310547,-1,-15,below chikou,0,54,above chikou,1,42,above chikou,-19
AXTA,Axalta,1,14,above chikou,32.68000030517578,-1,-19,below chikou,1,11,above chikou,-1,-8,below chikou,-2
AYI,Acuity Brands,1,1,above chikou,302.9800109863281,-1,-25,below chikou,1,13,above chikou,1,34,above chikou,23
AZO,AutoZone,1,7,above chikou,2898.570068359375,-1,-24,below chikou,-1,-44,below chikou,-1,-1,below chikou,-62
BA,Boeing,1,22,above chikou,189.82000732421875,-1,-26,below chikou,-1,-14,below chikou,0,7,above chikou,-11
BAC,Bank of America,1,1,above chikou,54.09000015258789,-1,-17,below chikou,1,18,above chikou,1,29,above chikou,31
BAH,Booz Allen Hamilton,-1,-91,below chikou,68.13999938964844,-1,-11,below chikou,-1,-99,below chikou,-1,-14,below chikou,-215
BALL,Ball Corporation,1,12,above chikou,57.43000030517578,-1,-25,below chikou,-1,-9,below chikou,-1,-6,below chikou,-28
BAM,Brookfield Asset Management,1,7,above chikou,44.72999954223633,-1,-19,below chikou,1,10,above chikou,1,21,above chikou,19
BAX,Baxter International,1,14,above chikou,24.36000061035156,-1,-22,below chikou,1,21,above chikou,-1,-56,below chikou,-43
BBIO,BridgeBio Pharma,1,6,above chikou,66.13999938964844,-1,-36,below chikou,-1,-4,below chikou,1,32,above chikou,-2
BBWI,"Bath & Body Works, Inc.",1,14,above chikou,17.93000030517578,-1,-47,below chikou,0,-13,below chikou,-1,-21,below chikou,-67
BBY,Best Buy,-1,-69,below chikou,84.8499984741211,1,22,above chikou,1,18,above chikou,0,6,above chikou,-23
BC,Brunswick Corporation,1,14,above chikou,64.9800033569336,-1,-28,below chikou,-1,-13,below chikou,-1,-8,below chikou,-35
BDX,Becton Dickinson,1,7,above chikou,180.3000030517578,-1,-9,below chikou,1,16,above chikou,0,3,above chikou,17
BE,Bloom Energy,1,7,above chikou,286.6499938964844,1,24,above chikou,1,64,above chikou,1,17,above chikou,112
BEN,Franklin Templeton Investments,1,21,above chikou,32.439998626708984,-1,-19,below chikou,1,74,above chikou,1,15,above chikou,91
BEPC,Brookfield Renewable Partners,1,25,above chikou,28.31999969482422,-1,-67,below chikou,-1,-24,below chikou,1,17,above chikou,-49
BF-A,Brown–Forman (Class A),1,8,above chikou,26.89999961853028,-1,-24,below chikou,0,16,above chikou,-1,-45,below chikou,-45
BF-B,Brown–Forman (Class B),1,8,above chikou,26.350000381469727,-1,-24,below chikou,0,5,above chikou,-1,-47,below chikou,-58
BFAM,Bright Horizons,1,22,above chikou,64.20999908447266,-1,-25,below chikou,-1,-62,below chikou,-1,-9,below chikou,-74
BG,Bunge Global,1,1,above chikou,107.33000183105467,-1,-11,below chikou,-1,-11,below chikou,1,10,above chikou,-11
BHF,Brighthouse Financial,1,1,above chikou,49.81999969482422,-1,-48,below chikou,-1,-12,below chikou,0,26,above chikou,-33
BIIB,Biogen,-1,-26,below chikou,222.88999938964844,1,38,above chikou,1,54,above chikou,1,1,above chikou,67
BILL,Bill.com,1,23,above chikou,44.4900016784668,-1,-13,below chikou,1,7,above chikou,0,-45,below chikou,-28
BIO,Bio-Rad Laboratories,0,-7,below chikou,368.8299865722656,-1,-4,below chikou,1,11,above chikou,1,4,above chikou,4
BIRK,Birkenstock,1,15,above chikou,33.77000045776367,-1,-55,below chikou,0,-8,below chikou,-1,-10,below chikou,-58
BJ,BJ's Wholesale Club,1,8,above chikou,93.8000030517578,1,2,above chikou,0,-21,below chikou,1,75,above chikou,64
BKNG,Booking Holdings,-1,-28,below chikou,157.6300048828125,-1,-23,below chikou,-1,-4,below chikou,1,72,above chikou,17
BKR,Baker Hughes,1,14,above chikou,57.130001068115234,-1,-19,below chikou,-1,-3,below chikou,1,62,above chikou,54
BLDR,Builders FirstSource,1,1,above chikou,56.220001220703125,-1,-56,below chikou,-1,-44,below chikou,-1,-14,below chikou,-113
BLK,BlackRock,1,7,above chikou,1079.4200439453125,-1,-20,below chikou,1,10,above chikou,1,30,above chikou,27
BLSH,Bullish,-1,-56,below chikou,34.349998474121094,0,37,above chikou,-1,-35,below chikou,0,0,neutral chikou,-54
BMNR,Bitmine Immersion Technologies,-1,-3,below chikou,26.790000915527344,0,50,above chikou,1,8,above chikou,0,0,neutral chikou,55
BMRN,BioMarin Pharmaceutical,-1,-111,below chikou,56.220001220703125,-1,-14,below chikou,0,35,above chikou,-1,-26,below chikou,-116
BMY,Bristol Myers Squibb,-1,-28,below chikou,59.59000015258789,-1,-19,below chikou,1,46,above chikou,1,11,above chikou,10
BNY,BNY Mellon,1,1,above chikou,143.72999572753906,-1,-17,below chikou,1,154,above chikou,1,33,above chikou,171
BOKF,BOK Financial Corporation,1,9,above chikou,128.14999389648438,-1,-30,below chikou,0,59,above chikou,1,17,above chikou,55
BPOP,"Popular, Inc.",1,15,above chikou,158.2899932861328,-1,-32,below chikou,1,76,above chikou,1,35,above chikou,94
BR,Broadridge Financial Solutions,-1,-48,below chikou,158.66000366210938,-1,-14,below chikou,0,-6,below chikou,-1,-8,below chikou,-76
BRK-B,Berkshire Hathaway,1,15,above chikou,505.5400085449219,0,-5,below chikou,1,15,above chikou,1,75,above chikou,100
BRKR,Bruker,-1,-14,below chikou,60.5,1,18,above chikou,1,23,above chikou,0,-21,below chikou,6
BRO,Brown & Brown,-1,-2,below chikou,60.970001220703125,-1,-21,below chikou,-1,-5,below chikou,-1,-8,below chikou,-36
BROS,Dutch Bros Inc.,1,2,above chikou,38.22999954223633,-1,-52,below chikou,-1,-6,below chikou,1,24,above chikou,-32
BRX,Brixmor Property Group,0,-31,below chikou,27.049999237060547,-1,-44,below chikou,-1,-2,below chikou,1,71,above chikou,-6
BSX,Boston Scientific,-1,-51,below chikou,42.18999862670898,-1,-20,below chikou,-1,-50,below chikou,-1,-7,below chikou,-128
BSY,Bentley Systems,1,32,above chikou,34.75,-1,-22,below chikou,1,1,above chikou,-1,-12,below chikou,-1
BURL,Burlington Stores,1,49,above chikou,271.8099975585937,-1,-32,below chikou,-1,-7,below chikou,0,30,above chikou,40
BWA,BorgWarner,1,7,above chikou,63.36000061035156,-1,-17,below chikou,1,68,above chikou,1,15,above chikou,73
BWXT,BWX Technologies,1,7,above chikou,145.6999969482422,-1,-70,below chikou,-1,-13,below chikou,1,48,above chikou,-28
BX,Blackstone Inc.,1,7,above chikou,113.36000061035156,-1,-19,below chikou,0,9,above chikou,-1,-1,below chikou,-4
BXP,"BXP, Inc.",-1,-70,below chikou,59.790000915527344,-1,-26,below chikou,1,15,above chikou,0,5,above chikou,-76
BYD,Boyd Gaming,1,13,above chikou,70.41000366210938,-1,-47,below chikou,-1,-8,below chikou,1,28,above chikou,-14
C,Citigroup,1,1,above chikou,128.52000427246094,-1,-15,below chikou,1,77,above chikou,1,32,above chikou,95
CACC,Credit Acceptance,1,6,above chikou,536.5800170898438,-1,-12,below chikou,1,26,above chikou,0,5,above chikou,25
CACI,CACI,-1,-6,below chikou,599.6400146484375,-1,-15,below chikou,1,10,above chikou,1,164,above chikou,153
CAG,Conagra Brands,1,2,above chikou,13.449999809265137,-1,-12,below chikou,-1,-31,below chikou,-1,-40,below chikou,-81
CAH,Cardinal Health,1,34,above chikou,233.44000244140625,0,-18,below chikou,1,18,above chikou,1,72,above chikou,106
CAI,Caris Life Sciences,-1,-32,below chikou,30.38999938964844,1,42,above chikou,1,8,above chikou,0,0,neutral chikou,18
CAR,Avis Budget Group,1,10,above chikou,112.6500015258789,-1,-69,below chikou,-1,-2,below chikou,1,7,above chikou,-54
CARR,Carrier Global,1,12,above chikou,55.72999954223633,-1,-55,below chikou,0,-9,below chikou,-1,-3,below chikou,-55
CART,Maplebear Inc.,1,25,above chikou,45.66999816894531,-1,-14,below chikou,1,16,above chikou,1,11,above chikou,38
CASY,Casey's,1,53,above chikou,620.7999877929688,-1,-30,below chikou,-1,-5,below chikou,1,95,above chikou,113
CAT,Caterpillar Inc.,1,26,above chikou,863.4400024414062,1,7,above chikou,1,68,above chikou,1,74,above chikou,175
CAVA,Cava Group,-1,-7,below chikou,54.09999847412109,-1,-24,below chikou,-1,-6,below chikou,-1,-4,below chikou,-41
CB,Chubb Limited,1,16,above chikou,334.2099914550781,-1,-31,below chikou,1,48,above chikou,1,72,above chikou,105
CBC,Central Bancompany,1,15,above chikou,31.93000030517578,-1,-24,below chikou,1,21,above chikou,0,0,neutral chikou,12
CBOE,Cboe Global Markets,-1,-1,below chikou,278.20001220703125,-1,-18,below chikou,-1,-4,below chikou,1,68,above chikou,45
CBRE,CBRE Group,1,7,above chikou,130.66000366210938,-1,-24,below chikou,-1,-2,below chikou,1,28,above chikou,9
CBSH,Commerce Bancshares,1,2,above chikou,54.77999877929688,-1,-31,below chikou,1,24,above chikou,0,24,above chikou,19
CCC,CCC Intelligent Solutions,0,-8,below chikou,6.579999923706055,-1,-14,below chikou,1,9,above chikou,-1,-15,below chikou,-28
CCI,Crown Castle,1,8,above chikou,68.27999877929688,-1,-11,below chikou,-1,-17,below chikou,-1,-9,below chikou,-29
CCK,Crown Holdings,1,12,above chikou,107.69000244140624,-1,-25,below chikou,0,18,above chikou,1,22,above chikou,27
CCL,Carnival Corporation,1,44,above chikou,26.57999992370605,1,1,above chikou,0,-16,below chikou,1,27,above chikou,56
CDE,Coeur Mining,-1,-14,below chikou,17.170000076293945,-1,-8,below chikou,-1,-1,below chikou,1,30,above chikou,7
CDNS,Cadence Design Systems,1,90,above chikou,359.54998779296875,1,8,above chikou,1,3,above chikou,1,193,above chikou,294
CDW,CDW,1,24,above chikou,133.9199981689453,-1,-6,below chikou,1,14,above chikou,-1,-14,below chikou,18
CE,Celanese,1,11,above chikou,44.84999847412109,0,2,above chikou,-1,-9,below chikou,-1,-24,below chikou,-20
CEG,Constellation Energy,1,14,above chikou,267.6199951171875,-1,-15,below chikou,1,1,above chikou,1,32,above chikou,32
CELH,Celsius Holdings,0,-3,below chikou,27.290000915527344,-1,-9,below chikou,-1,-35,below chikou,-1,-12,below chikou,-59
CF,CF Industries,1,4,above chikou,116.0199966430664,-1,-9,below chikou,0,-2,below chikou,1,18,above chikou,11
CFG,Citizens Financial Group,1,14,above chikou,64.30999755859375,-1,-32,below chikou,0,68,above chikou,1,18,above chikou,68
CFR,Frost Bank,1,1,above chikou,152.9600067138672,-1,-25,below chikou,1,44,above chikou,1,18,above chikou,38
CG,Carlyle Group (The),-1,-8,below chikou,39.31999969482422,-1,-19,below chikou,-1,-35,below chikou,0,28,above chikou,-34
CGNX,Cognex Corporation,1,38,above chikou,66.3499984741211,1,5,above chikou,1,62,above chikou,1,10,above chikou,115
CHD,Church & Dwight,1,12,above chikou,96.54000091552734,-1,-20,below chikou,1,3,above chikou,0,-6,below chikou,-11
CHDN,Churchill Downs Incorporated,1,14,above chikou,78.20999908447266,-1,-18,below chikou,-1,-23,below chikou,-1,-19,below chikou,-46
CHE,Chemed Corporation,1,8,above chikou,509.8399963378906,-1,-22,below chikou,1,17,above chikou,-1,-17,below chikou,-14
CHH,Choice Hotels,1,1,above chikou,103.05999755859376,-1,-26,below chikou,0,3,above chikou,-1,-14,below chikou,-36
CHRD,Chord Energy,1,26,above chikou,137.52999877929688,-1,-8,below chikou,0,35,above chikou,0,-23,below chikou,30
CHRW,C.H. Robinson,-1,-14,below chikou,135.0500030517578,-1,-2,below chikou,-1,-11,below chikou,1,16,above chikou,-11
CHTR,Charter Communications,-1,-104,below chikou,108.63999938964844,-1,-20,below chikou,-1,-64,below chikou,-1,-16,below chikou,-204
CHWY,Chewy,1,1,above chikou,18.21999931335449,-1,-19,below chikou,-1,-50,below chikou,-1,-2,below chikou,-70
CHYM,Chime Financial,1,23,above chikou,28.290000915527344,-1,-12,below chikou,1,10,above chikou,0,0,neutral chikou,21
CI,Cigna,1,1,above chikou,274.3699951171875,-1,-12,below chikou,0,23,above chikou,-1,-13,below chikou,-1
CIEN,Ciena,1,28,above chikou,443.6499938964844,1,1,above chikou,0,-3,below chikou,1,27,above chikou,53
CINF,Cincinnati Financial,1,15,above chikou,163.0800018310547,-1,-44,below chikou,0,18,above chikou,1,33,above chikou,22
CL,Colgate-Palmolive,1,7,above chikou,87.25,-1,-26,below chikou,1,3,above chikou,-1,-2,below chikou,-18
CLF,Cleveland-Cliffs,1,21,above chikou,12.25,1,2,above chikou,1,8,above chikou,-1,-39,below chikou,-8
CLH,Clean Harbors,1,21,above chikou,318.0599975585937,1,3,above chikou,1,45,above chikou,1,71,above chikou,140
CLX,Clorox,1,8,above chikou,83.5199966430664,-1,-24,below chikou,-1,-13,below chikou,-1,-18,below chikou,-47
CMCSA,Comcast,0,-27,below chikou,21.559999465942383,-1,-16,below chikou,-1,-19,below chikou,-1,-19,below chikou,-81
CME,CME Group,1,14,above chikou,270.17999267578125,-1,-7,below chikou,-1,-17,below chikou,1,38,above chikou,28
CMG,Chipotle Mexican Grill,-1,-14,below chikou,30.89999961853028,-1,-11,below chikou,-1,-1,below chikou,-1,-13,below chikou,-39
CMI,Cummins,1,21,above chikou,535.3099975585938,-1,-53,below chikou,-1,-7,below chikou,1,40,above chikou,1
CMS,CMS Energy,1,36,above chikou,65.06999969482422,-1,-48,below chikou,-1,-8,below chikou,1,27,above chikou,7
CNA,CNA Financial,1,21,above chikou,46.209999084472656,-1,-39,below chikou,0,18,above chikou,1,37,above chikou,37
CNC,Centene,1,18,above chikou,64.61000061035156,0,-12,below chikou,1,40,above chikou,-1,-31,below chikou,15
CNH,CNH Industrial,1,18,above chikou,13.300000190734863,1,32,above chikou,1,6,above chikou,1,3,above chikou,59
CNM,Core & Main,1,12,above chikou,41.81999969482422,-1,-19,below chikou,-1,-18,below chikou,-1,-5,below chikou,-30
CNP,Centerpoint Energy,1,33,above chikou,38.560001373291016,-1,-48,below chikou,-1,-8,below chikou,1,24,above chikou,1
COF,Capital One,1,7,above chikou,195.82000732421875,-1,-19,below chikou,1,9,above chikou,1,29,above chikou,26
COHR,Coherent Corp.,1,28,above chikou,338.3599853515625,1,5,above chikou,1,65,above chikou,1,28,above chikou,126
COIN,Coinbase,-1,-2,below chikou,188.22000122070312,0,32,above chikou,0,2,above chikou,0,-6,below chikou,26
COKE,Coca-Cola Consolidated,1,14,above chikou,194.6100006103516,0,-5,below chikou,0,-6,below chikou,1,79,above chikou,82
COLB,Columbia Banking System,1,14,above chikou,28.88999938964844,-1,-34,below chikou,0,59,above chikou,1,17,above chikou,56
COLD,Americold,1,1,above chikou,14.050000190734863,-1,-12,below chikou,1,23,above chikou,-1,-25,below chikou,-13
COLM,Columbia Sportswear,0,5,above chikou,57.45000076293945,0,-9,below chikou,0,4,above chikou,-1,-20,below chikou,-20
COO,Cooper Companies (The),-1,-7,below chikou,56.43000030517578,-1,-26,below chikou,-1,-25,below chikou,-1,-18,below chikou,-76
COP,ConocoPhillips,1,18,above chikou,129.35000610351562,-1,-8,below chikou,0,46,above chikou,1,4,above chikou,60
COR,Cencora,1,20,above chikou,316.3699951171875,-1,-9,below chikou,0,-25,below chikou,1,84,above chikou,70
CORT,Corcept Therapeutics,1,21,above chikou,119.56999969482422,1,2,above chikou,1,16,above chikou,1,40,above chikou,79
COST,Costco,1,15,above chikou,935.6799926757812,-1,-24,below chikou,-1,-12,below chikou,1,191,above chikou,170
CPAY,Corpay,1,16,above chikou,406.7900085449219,0,-13,below chikou,1,27,above chikou,1,35,above chikou,65
CPB,Campbell's,-1,-22,below chikou,19.0,-1,-23,below chikou,-1,-95,below chikou,-1,-23,below chikou,-163
CPNG,Coupang,1,14,above chikou,14.199999809265137,-1,-20,below chikou,-1,-47,below chikou,-1,-6,below chikou,-59
CPRT,Copart,0,-7,below chikou,26.81999969482422,-1,-11,below chikou,-1,-73,below chikou,-1,-12,below chikou,-103
CPT,Camden Property Trust,1,7,above chikou,97.6500015258789,-1,-45,below chikou,-1,-1,below chikou,-1,-2,below chikou,-41
CR,Crane Co.,1,20,above chikou,209.6100006103516,0,-33,below chikou,1,19,above chikou,1,18,above chikou,24
CRBG,Corebridge Financial,1,18,above chikou,34.84000015258789,1,8,above chikou,1,13,above chikou,1,24,above chikou,63
CRCL,Circle Internet Group,1,7,above chikou,83.30000305175781,-1,-5,below chikou,-1,-5,below chikou,0,0,neutral chikou,-3
CRDO,Credo Technology Group,1,22,above chikou,212.47999572753903,-1,-23,below chikou,1,26,above chikou,1,32,above chikou,57
CRH,CRH plc,1,6,above chikou,83.5999984741211,-1,-55,below chikou,-1,-32,below chikou,0,77,above chikou,-4
CRL,Charles River Laboratories,1,14,above chikou,304.9599914550781,1,2,above chikou,1,16,above chikou,1,3,above chikou,35
CRM,Salesforce,-1,-8,below chikou,224.9900054931641,-1,-1,below chikou,1,8,above chikou,-1,-2,below chikou,-3
CROX,Crocs,0,6,above chikou,120.22000122070312,-1,-35,below chikou,1,35,above chikou,0,-19,below chikou,-13
CRS,Carpenter Technology Corporation,1,19,above chikou,395.7099914550781,-1,-50,below chikou,0,79,above chikou,1,53,above chikou,101
CRUS,Cirrus Logic,0,-7,below chikou,118.87000274658205,1,8,above chikou,-1,-9,below chikou,0,-3,below chikou,-11
CRWD,CrowdStrike,1,35,above chikou,272.6700134277344,1,16,above chikou,1,22,above chikou,1,33,above chikou,106
CRWV,CoreWeave,1,22,above chikou,87.38999938964844,0,-17,below chikou,0,9,above chikou,0,0,neutral chikou,14
CSCO,Cisco,1,38,above chikou,117.94000244140624,1,2,above chikou,1,112,above chikou,1,28,above chikou,180
CSGP,CoStar Group,0,23,above chikou,27.6299991607666,-1,-14,below chikou,-1,-52,below chikou,-1,-13,below chikou,-56
CSL,Carlisle Companies,1,21,above chikou,325.739990234375,-1,-22,below chikou,0,-9,below chikou,-1,-4,below chikou,-14
CSX,CSX Corporation,1,21,above chikou,47.5,-1,-27,below chikou,1,68,above chikou,1,18,above chikou,80
CTAS,Cintas,1,3,above chikou,195.9600067138672,-1,-25,below chikou,1,13,above chikou,0,191,above chikou,182
CTSH,Cognizant,-1,-3,below chikou,57.220001220703125,-1,-8,below chikou,0,-35,below chikou,-1,-9,below chikou,-55
CTVA,Corteva,1,1,above chikou,12.390000343322754,-1,-6,below chikou,-1,-2,below chikou,-1,-1,below chikou,-8
CUBE,CubeSmart,1,6,above chikou,37.7599983215332,-1,-31,below chikou,0,23,above chikou,-1,-2,below chikou,-4
CUZ,Cousins Properties,1,6,above chikou,27.65999984741211,-1,-42,below chikou,1,23,above chikou,1,26,above chikou,13
CVNA,Carvana,1,22,above chikou,63.720001220703125,-1,-15,below chikou,0,7,above chikou,1,28,above chikou,42
CVS,CVS Health,1,1,above chikou,86.43000030517578,-1,-44,below chikou,1,23,above chikou,1,15,above chikou,-5
CVX,Chevron Corporation,1,19,above chikou,207.5800018310547,1,4,above chikou,1,53,above chikou,1,15,above chikou,91
CW,Curtiss-Wright,1,6,above chikou,553.3499755859375,-1,-56,below chikou,-1,-8,below chikou,1,57,above chikou,-1
CWEN,Clearway Energy (Class C),1,21,above chikou,29.520000457763672,-1,-16,below chikou,-1,-12,below chikou,1,18,above chikou,11
CZR,Caesars Entertainment,1,21,above chikou,29.64999961853028,0,-45,below chikou,1,31,above chikou,-1,-47,below chikou,-40
D,Dominion Energy,1,22,above chikou,62.0,-1,-46,below chikou,0,70,above chikou,1,21,above chikou,67
DAL,Delta Air Lines,1,1,above chikou,83.66000366210938,1,7,above chikou,1,30,above chikou,1,33,above chikou,71
DAR,Darling Ingredients,0,4,above chikou,61.16999816894531,-1,-11,below chikou,0,39,above chikou,1,9,above chikou,41
DASH,DoorDash,1,21,above chikou,191.7700042724609,-1,-19,below chikou,1,10,above chikou,1,31,above chikou,43
DBX,Dropbox,0,-6,below chikou,34.369998931884766,-1,-8,below chikou,1,15,above chikou,1,6,above chikou,7
DCI,Donaldson Company,1,26,above chikou,90.11000061035156,-1,-26,below chikou,1,3,above chikou,1,35,above chikou,38
DD,DuPont,1,14,above chikou,133.27999877929688,-1,-28,below chikou,-1,-8,below chikou,1,16,above chikou,-6
DDOG,Datadog,1,86,above chikou,276.4150085449219,1,8,above chikou,1,23,above chikou,1,6,above chikou,123
DDS,Dillard's,-1,-23,below chikou,655.25,1,51,above chikou,1,6,above chikou,1,70,above chikou,104
DE,Deere & Company,1,15,above chikou,682.7899780273438,1,38,above chikou,1,39,above chikou,1,77,above chikou,169
DECK,Deckers Brands,1,25,above chikou,81.66000366210938,-1,-67,below chikou,-1,-12,below chikou,-1,-8,below chikou,-62
DELL,Dell Technologies,1,21,above chikou,552.2899780273438,1,31,above chikou,1,33,above chikou,1,79,above chikou,164
DG,Dollar General,1,7,above chikou,123.2699966430664,0,-5,below chikou,0,-19,below chikou,1,1,above chikou,-16
DGX,Quest Diagnostics,-1,-30,below chikou,228.38999938964844,-1,-10,below chikou,1,39,above chikou,1,31,above chikou,30
DHI,D. R. Horton,1,2,above chikou,136.75,-1,-25,below chikou,0,3,above chikou,-1,-1,below chikou,-21
DHR,Danaher Corporation,-1,-30,below chikou,215.6100006103516,0,2,above chikou,1,8,above chikou,-1,-9,below chikou,-29
DINO,HF Sinclair,1,32,above chikou,114.5999984741211,1,68,above chikou,1,70,above chikou,1,8,above chikou,178
DIS,Walt Disney Company (The),1,1,above chikou,104.02999877929688,-1,-7,below chikou,1,8,above chikou,1,3,above chikou,5
DKNG,DraftKings,1,7,above chikou,19.600000381469727,-1,-13,below chikou,-1,-4,below chikou,-1,-9,below chikou,-19
DKS,Dick's Sporting Goods,1,5,above chikou,134.8800048828125,1,3,above chikou,-1,-11,below chikou,-1,-3,below chikou,-6
DLB,Dolby Laboratories,0,-6,below chikou,58.459999084472656,-1,-16,below chikou,-1,-72,below chikou,-1,-19,below chikou,-113
DLR,Digital Realty,1,17,above chikou,184.6499938964844,0,-26,below chikou,0,36,above chikou,1,31,above chikou,58
DLTR,Dollar Tree,1,7,above chikou,116.19000244140624,-1,-21,below chikou,1,10,above chikou,1,4,above chikou,0
DOC,Healthpeak Properties,-1,-63,below chikou,19.0,-1,-43,below chikou,1,23,above chikou,0,12,above chikou,-71
DOCN,DigitalOcean,-1,-1,below chikou,137.22999572753906,1,11,above chikou,1,54,above chikou,1,12,above chikou,76
DOCS,Doximity,-1,-2,below chikou,28.57999992370605,1,11,above chikou,1,7,above chikou,0,-8,below chikou,8
DOCU,DocuSign,0,-2,below chikou,70.02999877929688,1,58,above chikou,1,10,above chikou,1,3,above chikou,69
DOV,Dover Corporation,1,15,above chikou,191.8800048828125,-1,-59,below chikou,-1,-9,below chikou,1,31,above chikou,-22
DOW,Dow Inc.,1,16,above chikou,28.51000022888184,-1,-13,below chikou,-1,-5,below chikou,-1,-22,below chikou,-24
DOX,Amdocs,0,-2,below chikou,58.4900016784668,-1,-8,below chikou,-1,-57,below chikou,-1,-9,below chikou,-76
DPZ,Domino's,1,7,above chikou,302.8699951171875,-1,-24,below chikou,-1,-61,below chikou,-1,-8,below chikou,-86
DRI,Darden Restaurants,1,21,above chikou,203.13999938964844,-1,-16,below chikou,1,11,above chikou,1,71,above chikou,87
DRS,Leonardo DRS,0,4,above chikou,36.77999877929688,-1,-34,below chikou,-1,-6,below chikou,1,109,above chikou,73
DT,Dynatrace,1,28,above chikou,60.209999084472656,1,50,above chikou,1,15,above chikou,1,3,above chikou,96
DTE,DTE Energy,1,33,above chikou,128.22000122070312,-1,-49,below chikou,-1,-8,below chikou,1,26,above chikou,2
DTM,DT Midstream,1,14,above chikou,122.12000274658205,-1,-49,below chikou,-1,-8,below chikou,1,38,above chikou,-5
DUK,Duke Energy,1,6,above chikou,115.66000366210938,-1,-46,below chikou,-1,-8,below chikou,1,35,above chikou,-13
DUOL,Duolingo,1,25,above chikou,147.10000610351562,1,1,above chikou,1,9,above chikou,0,-10,below chikou,25
DVA,DaVita,1,16,above chikou,180.3999938964844,0,7,above chikou,1,35,above chikou,1,33,above chikou,91
DVN,Devon Energy,1,20,above chikou,48.02000045776367,1,3,above chikou,0,53,above chikou,1,3,above chikou,79
DXCM,Dexcom,-1,-7,below chikou,83.38999938964844,-1,-12,below chikou,1,22,above chikou,1,1,above chikou,4
DY,Dycom Industries,1,21,above chikou,290.42999267578125,0,-34,below chikou,-1,-8,below chikou,1,70,above chikou,49
EBAY,eBay,1,1,above chikou,107.05999755859376,1,14,above chikou,1,28,above chikou,1,28,above chikou,71
ECG,Everus Construction Group,1,50,above chikou,126.16999816894533,1,2,above chikou,0,61,above chikou,0,0,neutral chikou,113
ECHO,EchoStar,1,21,above chikou,100.01000213623048,1,24,above chikou,-1,-16,below chikou,1,26,above chikou,55
ECL,Ecolab,1,10,above chikou,280.82000732421875,-1,-5,below chikou,1,3,above chikou,1,32,above chikou,40
ED,Consolidated Edison,1,7,above chikou,105.12000274658205,-1,-13,below chikou,-1,-8,below chikou,1,58,above chikou,44
EEFT,Euronet Worldwide,1,14,above chikou,63.540000915527344,-1,-42,below chikou,-1,-11,below chikou,-1,-19,below chikou,-58
EFX,Equifax,1,13,above chikou,142.47999572753906,-1,-20,below chikou,-1,-50,below chikou,-1,-9,below chikou,-66
EG,Everest Group,0,6,above chikou,366.8399963378906,-1,-5,below chikou,1,24,above chikou,0,-13,below chikou,12
EGP,EastGroup Properties,-1,-57,below chikou,192.8600006103516,-1,-44,below chikou,1,53,above chikou,1,28,above chikou,-20
EHC,Encompass Health,1,7,above chikou,124.69000244140624,1,2,above chikou,1,14,above chikou,1,39,above chikou,62
EIX,Edison International,1,36,above chikou,54.25,-1,-46,below chikou,-1,-7,below chikou,-1,-3,below chikou,-20
EL,Estée Lauder Companies (The),1,6,above chikou,93.36000061035156,-1,-6,below chikou,1,5,above chikou,0,-42,below chikou,-37
ELAN,Elanco,1,1,above chikou,22.51000022888184,-1,-9,below chikou,0,-10,below chikou,1,18,above chikou,0
ELF,e.l.f. Beauty,0,31,above chikou,103.75,-1,-4,below chikou,1,10,above chikou,-1,-12,below chikou,25
ELS,Equity Lifestyle Properties,1,1,above chikou,58.7400016784668,-1,-28,below chikou,-1,-7,below chikou,-1,-2,below chikou,-36
ELV,Elevance Health,1,10,above chikou,400.0899963378906,0,-6,below chikou,1,24,above chikou,-1,-25,below chikou,3
EME,Emcor,1,54,above chikou,824.52001953125,1,3,above chikou,1,6,above chikou,1,72,above chikou,135
EMN,Eastman Chemical Company,1,1,above chikou,64.11000061035156,-1,-20,below chikou,-1,-9,below chikou,-1,-15,below chikou,-43
EMR,Emerson Electric,1,21,above chikou,161.39999389648438,1,3,above chikou,1,8,above chikou,1,35,above chikou,67
ENPH,Enphase Energy,1,26,above chikou,33.45000076293945,-1,-19,below chikou,0,-9,below chikou,-1,-39,below chikou,-41
ENSG,Ensign Group,1,6,above chikou,172.05999755859375,0,-25,below chikou,-1,-23,below chikou,1,107,above chikou,65
ENTG,Entegris,1,47,above chikou,166.88999938964844,1,7,above chikou,1,54,above chikou,1,2,above chikou,110
EOG,EOG Resources,1,27,above chikou,144.27999877929688,0,-11,below chikou,0,35,above chikou,1,9,above chikou,60
EPAM,EPAM Systems,-1,-7,below chikou,109.9499969482422,0,3,above chikou,-1,-34,below chikou,-1,-45,below chikou,-83
EPR,EPR Properties,0,-32,below chikou,55.27000045776367,-1,-31,below chikou,1,26,above chikou,1,27,above chikou,-10
EQH,Equitable Holdings,1,18,above chikou,54.0,1,8,above chikou,1,13,above chikou,1,36,above chikou,75
EQIX,Equinix,1,24,above chikou,1047.3599853515625,0,-17,below chikou,1,40,above chikou,1,34,above chikou,81
EQT,EQT Corporation,1,21,above chikou,52.470001220703125,-1,-15,below chikou,-1,-22,below chikou,1,23,above chikou,7
ES,Eversource Energy,1,33,above chikou,65.26000213623047,-1,-44,below chikou,-1,-7,below chikou,1,14,above chikou,-4
ESAB,ESAB,1,21,above chikou,71.45999908447266,-1,-53,below chikou,-1,-32,below chikou,-1,-6,below chikou,-70
ESI,Element Solutions,1,37,above chikou,37.540000915527344,1,4,above chikou,0,58,above chikou,1,35,above chikou,134
ESS,Essex Property Trust,1,8,above chikou,272.489990234375,-1,-44,below chikou,1,24,above chikou,0,27,above chikou,15
ESTC,Elastic NV,1,35,above chikou,94.91000366210938,1,50,above chikou,1,10,above chikou,0,-12,below chikou,83
ETN,Eaton Corporation,1,21,above chikou,445.0899963378906,1,8,above chikou,1,27,above chikou,1,120,above chikou,176
ETR,Entergy,1,38,above chikou,103.25,-1,-49,below chikou,-1,-3,below chikou,1,54,above chikou,40
ETSY,Etsy,0,-8,below chikou,70.88999938964844,-1,-23,below chikou,1,23,above chikou,1,5,above chikou,-3
EVR,Evercore,1,17,above chikou,268.0799865722656,-1,-56,below chikou,-1,-14,below chikou,1,38,above chikou,-15
EVRG,Evergy,1,37,above chikou,80.3499984741211,-1,-47,below chikou,-1,-2,below chikou,1,24,above chikou,12
EW,Edwards Lifesciences,1,8,above chikou,86.4800033569336,-1,-20,below chikou,1,11,above chikou,1,13,above chikou,12
EWBC,East West Bancorp,1,14,above chikou,127.12000274658205,-1,-33,below chikou,1,28,above chikou,1,28,above chikou,37
EXC,Exelon,1,36,above chikou,41.68000030517578,-1,-48,below chikou,-1,-8,below chikou,1,23,above chikou,3
EXE,Expand Energy,1,21,above chikou,86.43000030517578,-1,-14,below chikou,-1,-28,below chikou,1,43,above chikou,22
EXEL,Exelixis,-1,-8,below chikou,58.33000183105469,1,25,above chikou,1,36,above chikou,1,38,above chikou,91
EXLS,EXL Service,-1,-1,below chikou,35.40999984741211,-1,-8,below chikou,1,9,above chikou,0,4,above chikou,4
EXP,Eagle Materials,1,6,above chikou,171.5399932861328,-1,-36,below chikou,-1,-13,below chikou,-1,-8,below chikou,-51
EXPD,Expeditors International,1,23,above chikou,191.8000030517578,0,3,above chikou,1,68,above chikou,1,35,above chikou,129
EXPE,Expedia Group,-1,-10,below chikou,260.07000732421875,-1,-21,below chikou,1,11,above chikou,1,27,above chikou,7
EXR,Extra Space Storage,1,8,above chikou,133.88999938964844,-1,-31,below chikou,0,3,above chikou,-1,-2,below chikou,-22
F,Ford Motor Company,1,6,above chikou,12.279999732971191,-1,-28,below chikou,1,22,above chikou,1,13,above chikou,13
FAF,First American Financial Corporation,1,5,above chikou,62.310001373291016,-1,-25,below chikou,0,27,above chikou,1,28,above chikou,35
FANG,Diamondback Energy,0,4,above chikou,184.0800018310547,-1,-12,below chikou,0,-2,below chikou,0,-2,below chikou,-12
FAST,Fastenal,1,19,above chikou,50.810001373291016,0,-18,below chikou,1,27,above chikou,1,120,above chikou,148
FBIN,Fortune Brands Innovations,1,15,above chikou,39.34999847412109,-1,-43,below chikou,0,-13,below chikou,-1,-19,below chikou,-60
FCN,FTI Consulting,-1,-1,below chikou,137.61000061035156,-1,-39,below chikou,-1,-22,below chikou,-1,-18,below chikou,-80
FCNCA,First Citizens BancShares,1,14,above chikou,2088.1298828125,-1,-21,below chikou,1,11,above chikou,1,72,above chikou,76
FCX,Freeport-McMoRan,1,15,above chikou,72.55999755859375,-1,-6,below chikou,1,54,above chikou,1,17,above chikou,80
FDS,FactSet,-1,-2,below chikou,272.010009765625,-1,-11,below chikou,1,10,above chikou,-1,-14,below chikou,-17
FDX,FedEx,1,15,above chikou,289.0299987792969,-1,-16,below chikou,0,54,above chikou,1,36,above chikou,89
FDXF,FedEx Freight,1,2,above chikou,111.58000183105467,-1,-35,below chikou,0,0,neutral chikou,0,0,neutral chikou,-33
FE,FirstEnergy,1,27,above chikou,44.2599983215332,-1,-41,below chikou,-1,-8,below chikou,1,28,above chikou,6
FERG,Ferguson Enterprises,1,6,above chikou,223.3300018310547,-1,-26,below chikou,-1,-13,below chikou,1,78,above chikou,45
FFIV,"F5, Inc.",1,25,above chikou,469.7900085449219,1,16,above chikou,1,24,above chikou,1,28,above chikou,93
FHB,"First Hawaiian, Inc.",1,21,above chikou,25.040000915527344,-1,-51,below chikou,0,28,above chikou,1,17,above chikou,15
FHN,First Horizon Corporation,1,21,above chikou,23.34000015258789,-1,-34,below chikou,0,68,above chikou,1,17,above chikou,72
FICO,Fair Isaac,1,15,above chikou,695.4600219726562,-1,-46,below chikou,-1,-43,below chikou,-1,-8,below chikou,-82
FIG,Figma,1,28,above chikou,22.01000022888184,-1,-20,below chikou,0,-6,below chikou,0,0,neutral chikou,2
FIGR,Figure Technology Solutions,-1,-64,below chikou,27.940000534057617,-1,-8,below chikou,-1,-2,below chikou,0,0,neutral chikou,-74
FIS,Fidelity National Information Services,0,8,above chikou,33.41999816894531,-1,-25,below chikou,-1,-56,below chikou,-1,-9,below chikou,-82
FISV,Fiserv,0,13,above chikou,45.47999954223633,-1,-24,below chikou,-1,-77,below chikou,-1,-13,below chikou,-101
FITB,Fifth Third Bancorp,1,14,above chikou,51.0,-1,-34,below chikou,1,28,above chikou,1,28,above chikou,36
FIVE,Five Below,-1,-79,below chikou,215.92999267578125,-1,-11,below chikou,-1,-1,below chikou,1,11,above chikou,-80
FIX,Comfort Systems USA,1,54,above chikou,1817.9599609375,1,5,above chikou,1,71,above chikou,1,69,above chikou,199
FLEX,Flex Ltd.,1,22,above chikou,121.37999725341795,1,7,above chikou,1,74,above chikou,1,72,above chikou,175
FLS,Flowserve,1,1,above chikou,73.33999633789062,-1,-19,below chikou,-1,-14,below chikou,1,36,above chikou,4
FLUT,Flutter Entertainment,0,14,above chikou,75.7300033569336,-1,-13,below chikou,-1,-49,below chikou,-1,-9,below chikou,-57
FN,Fabrinet,1,44,above chikou,489.1600036621094,1,4,above chikou,-1,-8,below chikou,1,155,above chikou,195
FNB,FNB Corporation,1,21,above chikou,17.280000686645508,-1,-34,below chikou,0,28,above chikou,1,40,above chikou,55
FND,Floor & Decor,1,7,above chikou,46.54999923706055,-1,-25,below chikou,0,-86,below chikou,-1,-19,below chikou,-123
FNF,Fidelity National Financial,1,4,above chikou,39.08000183105469,-1,-40,below chikou,-1,-34,below chikou,-1,-2,below chikou,-72
FORM,"FormFactor, Inc.",-1,-7,below chikou,141.3000030517578,1,8,above chikou,1,56,above chikou,1,13,above chikou,70
FOUR,Shift4,1,14,above chikou,37.54999923706055,-1,-42,below chikou,-1,-80,below chikou,-1,-9,below chikou,-117
FOX,Fox Corporation (Class B),1,1,above chikou,56.70000076293945,-1,-10,below chikou,0,9,above chikou,1,28,above chikou,28
FOXA,Fox Corporation (Class A),1,1,above chikou,63.33000183105469,-1,-10,below chikou,0,9,above chikou,1,28,above chikou,28
FPS,Forgent Power Solutions,1,21,above chikou,38.970001220703125,1,8,above chikou,1,4,above chikou,0,0,neutral chikou,33
FR,First Industrial Realty Trust,1,1,above chikou,59.2599983215332,-1,-38,below chikou,0,53,above chikou,1,15,above chikou,31
FRHC,Freedom Holding,1,15,above chikou,173.49000549316406,1,32,above chikou,1,15,above chikou,1,79,above chikou,141
FRMI,Fermi Inc.,1,1,above chikou,4.059999942779541,-1,-52,below chikou,-1,-14,below chikou,0,0,neutral chikou,-65
FRPT,Freshpet,1,26,above chikou,61.33000183105469,-1,-17,below chikou,0,-7,below chikou,-1,-15,below chikou,-13
FRT,Federal Realty Investment Trust,0,-52,below chikou,106.1999969482422,-1,-45,below chikou,0,57,above chikou,0,17,above chikou,-23
FSLR,First Solar,1,7,above chikou,179.8000030517578,-1,-20,below chikou,-1,-3,below chikou,-1,-3,below chikou,-19
FTAI,FTAI Aviation,1,6,above chikou,164.6999969482422,-1,-32,below chikou,-1,-13,below chikou,1,76,above chikou,37
FTI,TechnipFMC,1,14,above chikou,69.88999938964844,-1,-14,below chikou,-1,-1,below chikou,1,52,above chikou,51
FTNT,Fortinet,1,30,above chikou,191.2700042724609,1,17,above chikou,1,23,above chikou,1,27,above chikou,97
FTV,Fortive,1,22,above chikou,57.380001068115234,-1,-48,below chikou,0,43,above chikou,1,4,above chikou,21
FWONA,Liberty Formula 1 (Series A),1,14,above chikou,87.48999786376953,-1,-24,below chikou,1,15,above chikou,1,78,above chikou,83
FWONK,Liberty Formula 1 (Series C),1,14,above chikou,95.0,-1,-24,below chikou,1,13,above chikou,1,78,above chikou,81
G,Genpact,-1,-2,below chikou,33.45000076293945,-1,-9,below chikou,-1,-36,below chikou,0,4,above chikou,-43
GAP,Gap Inc.,1,7,above chikou,23.790000915527344,0,12,above chikou,-1,-22,below chikou,0,33,above chikou,30
GD,General Dynamics,-1,-97,below chikou,331.3299865722656,-1,-26,below chikou,0,-3,below chikou,1,68,above chikou,-58
GDDY,GoDaddy,1,23,above chikou,99.73999786376952,1,2,above chikou,1,8,above chikou,-1,-9,below chikou,24
GE,GE Aerospace,-1,-45,below chikou,309.3900146484375,-1,-26,below chikou,0,20,above chikou,1,53,above chikou,2
GEHC,GE HealthCare,0,-31,below chikou,65.73999786376953,-1,-20,below chikou,-1,-25,below chikou,-1,-7,below chikou,-83
GEN,Gen Digital,1,25,above chikou,22.799999237060547,-1,-11,below chikou,1,13,above chikou,-1,-2,below chikou,25
GEV,GE Vernova,1,42,above chikou,990.0,1,4,above chikou,1,107,above chikou,1,6,above chikou,159
GFL,GFL Environmental,1,19,above chikou,42.27999877929688,1,2,above chikou,0,3,above chikou,0,29,above chikou,53
GFS,GlobalFoundries,0,22,above chikou,48.560001373291016,1,4,above chikou,0,4,above chikou,0,-3,below chikou,27
GGG,Graco Inc.,1,15,above chikou,78.88999938964844,0,-26,below chikou,-1,-24,below chikou,0,-7,below chikou,-42
GH,Guardant Health,-1,-7,below chikou,187.22000122070312,1,16,above chikou,1,62,above chikou,1,20,above chikou,91
GILD,Gilead Sciences,-1,-35,below chikou,144.22999572753906,0,-3,below chikou,1,6,above chikou,1,49,above chikou,17
GIS,General Mills,1,1,above chikou,32.18000030517578,-1,-13,below chikou,-1,-92,below chikou,-1,-25,below chikou,-129
GL,Globe Life,0,6,above chikou,166.27999877929688,-1,-34,below chikou,1,27,above chikou,1,27,above chikou,26
GLPI,Gaming and Leisure Properties,1,2,above chikou,37.90999984741211,-1,-35,below chikou,-1,-9,below chikou,-1,-1,below chikou,-43
GLW,Corning Inc.,1,27,above chikou,168.97000122070312,1,6,above chikou,0,73,above chikou,1,29,above chikou,135
GLXY,Galaxy Digital,-1,-19,below chikou,22.64999961853028,-1,-5,below chikou,0,8,above chikou,0,0,neutral chikou,-16
GM,General Motors,1,8,above chikou,82.01000213623047,-1,-24,below chikou,1,12,above chikou,1,29,above chikou,25
GME,GameStop,1,29,above chikou,24.76000022888184,1,19,above chikou,1,2,above chikou,1,1,above chikou,51
GMED,Globus Medical,1,41,above chikou,76.56999969482422,-1,-22,below chikou,-1,-22,below chikou,1,28,above chikou,25
GNRC,Generac,1,22,above chikou,223.6199951171875,1,6,above chikou,1,4,above chikou,1,17,above chikou,49
GNTX,Gentex,-1,-32,below chikou,21.549999237060547,-1,-64,below chikou,0,6,above chikou,-1,-21,below chikou,-111
GOOG,Alphabet (Class C),1,1,above chikou,343.8299865722656,1,1,above chikou,1,11,above chikou,1,32,above chikou,45
GOOGL,Alphabet (Class A),1,1,above chikou,347.67999267578125,0,2,above chikou,1,61,above chikou,1,32,above chikou,96
GPC,Genuine Parts Company,1,7,above chikou,127.37999725341795,-1,-16,below chikou,1,7,above chikou,0,-9,below chikou,-11
GPK,Graphic Packaging,-1,-51,below chikou,8.609999656677246,-1,-25,below chikou,-1,-88,below chikou,-1,-18,below chikou,-182
GPN,Global Payments,1,1,above chikou,81.79000091552734,-1,-12,below chikou,1,12,above chikou,-1,-19,below chikou,-18
GRMN,Garmin,-1,-32,below chikou,279.2099914550781,-1,-22,below chikou,1,26,above chikou,1,33,above chikou,5
GS,Goldman Sachs,1,1,above chikou,897.1799926757812,-1,-19,below chikou,0,77,above chikou,1,33,above chikou,92
GSAT,Globalstar,1,25,above chikou,83.62999725341797,1,6,above chikou,1,62,above chikou,1,17,above chikou,110
GTES,Gates Corporation,1,21,above chikou,27.809999465942383,1,6,above chikou,1,5,above chikou,1,32,above chikou,64
GTLB,GitLab,1,28,above chikou,51.5,1,98,above chikou,1,10,above chikou,0,-14,below chikou,122
GTM,ZoomInfo,-1,-7,below chikou,3.75,-1,-14,below chikou,-1,-41,below chikou,-1,-48,below chikou,-110
GWRE,Guidewire Software,1,28,above chikou,164.52000427246094,-1,-21,below chikou,1,1,above chikou,1,33,above chikou,41
GWW,W. W. Grainger,1,27,above chikou,1275.56005859375,-1,-45,below chikou,1,38,above chikou,1,108,above chikou,128
GXO,GXO Logistics,1,26,above chikou,45.9900016784668,-1,-43,below chikou,-1,-22,below chikou,0,-21,below chikou,-60
H,Hyatt Hotels,0,-3,below chikou,159.1199951171875,-1,-58,below chikou,0,27,above chikou,1,69,above chikou,35
HAL,Halliburton,1,14,above chikou,32.720001220703125,-1,-11,below chikou,-1,-3,below chikou,0,3,above chikou,3
HALO,Halozyme,1,1,above chikou,109.72000122070312,1,3,above chikou,1,18,above chikou,1,31,above chikou,53
HAS,Hasbro,1,24,above chikou,91.02999877929688,-1,-23,below chikou,0,-8,below chikou,1,21,above chikou,14
HAYW,Hayward Holdings,1,14,above chikou,12.43000030517578,-1,-25,below chikou,-1,-13,below chikou,-1,-1,below chikou,-25
HBAN,Huntington Bancshares,1,2,above chikou,15.329999923706056,-1,-35,below chikou,-1,-1,below chikou,1,28,above chikou,-6
HCA,HCA Healthcare,1,14,above chikou,432.2000122070313,1,2,above chikou,-1,-24,below chikou,1,35,above chikou,27
HD,Home Depot (The),1,5,above chikou,286.69000244140625,-1,-25,below chikou,-1,-13,below chikou,-1,-7,below chikou,-40
HEI,HEICO (Common),0,-15,below chikou,303.260009765625,-1,-26,below chikou,1,11,above chikou,1,195,above chikou,165
HEI-A,HEICO (Class A),-1,-43,below chikou,226.5200042724609,-1,-26,below chikou,1,10,above chikou,1,194,above chikou,135
HHH,Howard Hughes Holdings,1,7,above chikou,73.27999877929688,1,8,above chikou,1,3,above chikou,0,5,above chikou,23
HIG,Hartford (The),1,15,above chikou,126.79000091552734,-1,-30,below chikou,-1,-8,below chikou,1,71,above chikou,48
HII,Huntington Ingalls Industries,-1,-7,below chikou,263.75,-1,-22,below chikou,-1,-19,below chikou,0,19,above chikou,-29
HL,Hecla Mining,0,3,above chikou,17.100000381469727,-1,-10,below chikou,-1,-19,below chikou,1,28,above chikou,2
HLI,Houlihan Lokey,1,7,above chikou,126.9000015258789,-1,-5,below chikou,-1,-40,below chikou,-1,-2,below chikou,-40
HLNE,Hamilton Lane,1,40,above chikou,87.33000183105469,-1,-18,below chikou,-1,-55,below chikou,-1,-8,below chikou,-41
HLT,Hilton Worldwide,1,7,above chikou,316.1199951171875,-1,-25,below chikou,0,68,above chikou,1,75,above chikou,125
HON,Honeywell Technologies,0,26,above chikou,212.8699951171875,-1,-33,below chikou,-1,-9,below chikou,1,30,above chikou,14
HONA,Honeywell Aerospace,1,17,above chikou,155.74000549316406,-1,-52,below chikou,0,0,neutral chikou,0,0,neutral chikou,-35
HOOD,Robinhood Markets,0,-58,below chikou,114.11000061035156,1,29,above chikou,1,9,above chikou,1,32,above chikou,12
HPE,Hewlett Packard Enterprise,1,26,above chikou,68.36000061035156,1,45,above chikou,1,26,above chikou,1,68,above chikou,165
HPQ,HP Inc.,-1,-1,below chikou,31.729999542236328,1,52,above chikou,1,21,above chikou,0,-19,below chikou,53
HR,Healthcare Realty Trust,-1,-110,below chikou,17.079999923706055,-1,-44,below chikou,0,27,above chikou,1,15,above chikou,-112
HRB,H&R Block,1,23,above chikou,42.630001068115234,-1,-14,below chikou,1,11,above chikou,-1,-2,below chikou,18
HRL,Hormel Foods,1,1,above chikou,19.8799991607666,-1,-35,below chikou,-1,-7,below chikou,-1,-49,below chikou,-90
HSIC,Schein (Henry),1,7,above chikou,84.83999633789062,-1,-19,below chikou,1,49,above chikou,1,11,above chikou,48
HST,Host Hotels & Resorts,1,15,above chikou,22.479999542236328,1,2,above chikou,1,60,above chikou,1,17,above chikou,94
HSY,Hershey Company (The),1,12,above chikou,160.8000030517578,-1,-24,below chikou,-1,-14,below chikou,-1,-4,below chikou,-30
HUBB,Hubbell Incorporated,1,20,above chikou,485.4100036621094,1,3,above chikou,-1,-8,below chikou,1,77,above chikou,92
HUBS,HubSpot,1,24,above chikou,220.6100006103516,-1,-7,below chikou,0,-73,below chikou,-1,-15,below chikou,-71
HUM,Humana,1,12,above chikou,404.2699890136719,1,2,above chikou,1,22,above chikou,1,5,above chikou,41
HWM,Howmet Aerospace,1,6,above chikou,231.6000061035156,-1,-31,below chikou,0,-5,below chikou,1,76,above chikou,46
HXL,Hexcel,1,25,above chikou,86.01000213623047,-1,-34,below chikou,1,58,above chikou,1,12,above chikou,61
IBKR,Interactive Brokers,1,21,above chikou,90.58000183105467,-1,-9,below chikou,1,154,above chikou,1,71,above chikou,237
IBM,IBM,-1,-2,below chikou,221.2899932861328,-1,-13,below chikou,-1,-30,below chikou,1,70,above chikou,25
ICE,Intercontinental Exchange,1,7,above chikou,153.49000549316406,-1,-8,below chikou,-1,-2,below chikou,0,4,above chikou,1
IDA,Idacorp,1,40,above chikou,132.67999267578125,-1,-48,below chikou,-1,-7,below chikou,1,24,above chikou,9
IDXX,Idexx Laboratories,-1,-22,below chikou,515.4099731445312,-1,-25,below chikou,-1,-32,below chikou,1,18,above chikou,-61
IESC,IES Holdings,1,47,above chikou,341.8500061035156,1,3,above chikou,1,69,above chikou,1,41,above chikou,160
IEX,IDEX Corporation,1,20,above chikou,236.27999877929688,1,2,above chikou,1,42,above chikou,1,4,above chikou,68
IFF,International Flavors & Fragrances,1,3,above chikou,83.91999816894531,-1,-5,below chikou,1,36,above chikou,-1,-8,below chikou,26
ILMN,"Illumina, Inc.",1,3,above chikou,273.5400085449219,1,110,above chikou,1,59,above chikou,1,6,above chikou,178
INCY,Incyte,-1,-69,below chikou,112.7300033569336,-1,-8,below chikou,1,18,above chikou,1,15,above chikou,-44
INGM,Ingram Micro,1,36,above chikou,27.57999992370605,-1,-35,below chikou,1,57,above chikou,0,0,neutral chikou,58
INGR,Ingredion,1,11,above chikou,96.75,-1,-18,below chikou,-1,-57,below chikou,-1,-6,below chikou,-70
INSM,Insmed,-1,-77,below chikou,105.2300033569336,-1,-17,below chikou,-1,-27,below chikou,1,35,above chikou,-86
INTC,Intel,-1,-8,below chikou,112.5,1,15,above chikou,1,62,above chikou,1,13,above chikou,82
INTU,Intuit,1,28,above chikou,289.8099975585937,-1,-15,below chikou,-1,-46,below chikou,-1,-9,below chikou,-42
INVH,Invitation Homes,1,6,above chikou,26.059999465942383,-1,-27,below chikou,1,24,above chikou,-1,-14,below chikou,-11
IONQ,IonQ,-1,-29,below chikou,42.970001220703125,1,7,above chikou,1,10,above chikou,1,28,above chikou,16
IONS,Ionis Pharmaceuticals,-1,-27,below chikou,44.0,-1,-17,below chikou,-1,-14,below chikou,-1,-1,below chikou,-59
IOT,Samsara,1,25,above chikou,42.38999938964844,0,2,above chikou,1,13,above chikou,0,3,above chikou,43
IP,International Paper,0,-58,below chikou,32.13999938964844,-1,-25,below chikou,-1,-33,below chikou,-1,-2,below chikou,-118
IPGP,IPG Photonics,1,37,above chikou,83.69000244140625,1,7,above chikou,-1,-11,below chikou,1,1,above chikou,34
IQV,IQVIA,-1,-36,below chikou,266.0899963378906,1,72,above chikou,1,10,above chikou,1,3,above chikou,49
IR,Ingersoll Rand,1,15,above chikou,78.55000305175781,-1,-31,below chikou,0,-22,below chikou,-1,-7,below chikou,-45
IRDM,Iridium Communications,1,21,above chikou,49.040000915527344,1,8,above chikou,1,31,above chikou,1,7,above chikou,67
IREN,IREN,1,6,above chikou,40.47999954223633,0,23,above chikou,1,6,above chikou,1,27,above chikou,62
IRM,Iron Mountain,1,21,above chikou,116.5,0,-30,below chikou,1,35,above chikou,1,71,above chikou,97
ISRG,Intuitive Surgical,0,-24,below chikou,404.760009765625,1,10,above chikou,-1,-24,below chikou,-1,-4,below chikou,-42
IT,Gartner,-1,-4,below chikou,184.9199981689453,-1,-7,below chikou,1,9,above chikou,-1,-15,below chikou,-17
ITT,ITT Inc.,1,15,above chikou,207.3099975585937,0,-19,below chikou,0,68,above chikou,1,40,above chikou,104
ITW,Illinois Tool Works,1,8,above chikou,267.1400146484375,-1,-26,below chikou,0,4,above chikou,1,78,above chikou,64
IVZ,Invesco,1,22,above chikou,30.3799991607666,-1,-16,below chikou,1,15,above chikou,1,17,above chikou,38
J,Jacobs Solutions,0,15,above chikou,139.22999572753906,-1,-18,below chikou,1,8,above chikou,1,33,above chikou,38
JAN,Janus Living,-1,-33,below chikou,28.75,-1,-9,below chikou,1,4,above chikou,0,0,neutral chikou,-38
JAZZ,Jazz Pharmaceuticals,-1,-7,below chikou,231.38999938964844,-1,-27,below chikou,1,54,above chikou,1,12,above chikou,32
JBHT,J. B. Hunt,1,4,above chikou,225.92999267578125,-1,-15,below chikou,0,52,above chikou,1,10,above chikou,51
JBL,Jabil,1,8,above chikou,309.19000244140625,0,-19,below chikou,1,79,above chikou,1,79,above chikou,147
JBS,JBS N.V.,1,17,above chikou,11.890000343322754,-1,-23,below chikou,-1,-20,below chikou,0,0,neutral chikou,-26
JCI,Johnson Controls,1,93,above chikou,158.75999450683594,1,8,above chikou,1,5,above chikou,1,30,above chikou,136
JEF,Jefferies Financial Group,0,-32,below chikou,44.959999084472656,-1,-18,below chikou,0,7,above chikou,-1,-2,below chikou,-45
JHX,James Hardie Industries,1,6,above chikou,25.530000686645508,-1,-16,below chikou,1,33,above chikou,-1,-15,below chikou,8
JKHY,Jack Henry & Associates,0,-108,below chikou,144.42999267578125,-1,-11,below chikou,-1,-5,below chikou,-1,-2,below chikou,-126
JLL,Jones Lang LaSalle,1,1,above chikou,303.6199951171875,-1,-21,below chikou,0,10,above chikou,1,28,above chikou,18
JMKE,Jersey Mike's Subs,-1,-113,below chikou,16.09000015258789,-1,-20,below chikou,0,0,neutral chikou,0,0,neutral chikou,-133
JNJ,Johnson & Johnson,-1,-42,below chikou,254.77999877929688,-1,-5,below chikou,1,72,above chikou,1,18,above chikou,43
JPM,JPMorgan Chase,1,1,above chikou,331.2799987792969,-1,-19,below chikou,1,18,above chikou,1,35,above chikou,35
KBR,"KBR, Inc.",-1,-3,below chikou,34.61000061035156,-1,-20,below chikou,-1,-100,below chikou,-1,-17,below chikou,-140
KD,Kyndryl,-1,-2,below chikou,11.609999656677246,-1,-20,below chikou,-1,-3,below chikou,-1,-9,below chikou,-34
KDP,Keurig Dr Pepper,0,7,above chikou,31.1299991607666,-1,-6,below chikou,1,27,above chikou,-1,-1,below chikou,27
KEX,Kirby Corporation,1,39,above chikou,138.5,0,-11,below chikou,0,2,above chikou,1,54,above chikou,84
KEY,Keycorp,1,2,above chikou,20.13999938964844,-1,-36,below chikou,0,68,above chikou,1,17,above chikou,51
KEYS,Keysight,1,93,above chikou,384.1700134277344,1,8,above chikou,1,58,above chikou,1,17,above chikou,176
KHC,Kraft Heinz,0,-82,below chikou,21.84000015258789,-1,-11,below chikou,0,16,above chikou,-1,-25,below chikou,-102
KIM,Kimco Realty,1,1,above chikou,22.13999938964844,-1,-45,below chikou,0,36,above chikou,1,27,above chikou,19
KKR,KKR & Co. Inc.,1,1,above chikou,90.66999816894533,-1,-19,below chikou,0,9,above chikou,-1,-2,below chikou,-11
KLAC,KLA Corporation,0,47,above chikou,197.4600067138672,1,6,above chikou,1,77,above chikou,1,192,above chikou,322
KMB,Kimberly-Clark,1,1,above chikou,96.7699966430664,-1,-25,below chikou,1,18,above chikou,-1,-12,below chikou,-18
KMI,Kinder Morgan,1,21,above chikou,32.15999984741211,1,1,above chikou,0,-8,below chikou,1,54,above chikou,68
KMX,CarMax,0,-31,below chikou,55.290000915527344,-1,-13,below chikou,1,22,above chikou,-1,-19,below chikou,-41
KNSL,Kinsale Capital Group,0,27,above chikou,332.4200134277344,-1,-17,below chikou,0,-57,below chikou,-1,-7,below chikou,-54
KNX,Knight-Swift,1,6,above chikou,64.62999725341797,-1,-18,below chikou,1,46,above chikou,1,11,above chikou,45
KO,Coca-Cola Company (The),-1,-1,below chikou,86.16999816894531,-1,-8,below chikou,1,47,above chikou,1,195,above chikou,233
KR,Kroger,-1,-21,below chikou,58.40999984741211,1,18,above chikou,-1,-17,below chikou,1,28,above chikou,8
KRC,Kilroy Realty,1,7,above chikou,33.900001525878906,-1,-43,below chikou,1,16,above chikou,1,6,above chikou,-14
KRMN,Karman Holdings,1,4,above chikou,33.02000045776367,-1,-26,below chikou,-1,-25,below chikou,0,0,neutral chikou,-47
KTOS,Kratos Defense & Security Solutions,1,4,above chikou,43.709999084472656,-1,-19,below chikou,-1,-29,below chikou,1,28,above chikou,-16
KVUE,Kenvue,1,1,above chikou,17.389999389648438,-1,-24,below chikou,1,28,above chikou,0,3,above chikou,8
KVYO,Klaviyo,1,26,above chikou,16.700000762939453,-1,-19,below chikou,0,-5,below chikou,-1,-12,below chikou,-10
L,Loews Corporation,1,21,above chikou,106.45999908447266,-1,-40,below chikou,0,18,above chikou,1,68,above chikou,67
LAD,Lithia Motors,0,-4,below chikou,292.510009765625,-1,-22,below chikou,1,11,above chikou,0,4,above chikou,-11
LAMR,Lamar Advertising,1,1,above chikou,144.74000549316406,-1,-41,below chikou,1,59,above chikou,1,32,above chikou,51
LAZ,Lazard,1,1,above chikou,36.36000061035156,-1,-19,below chikou,-1,-33,below chikou,-1,-1,below chikou,-52
LBRDA,Liberty Broadband (Series A),-1,-3,below chikou,35.9900016784668,1,7,above chikou,-1,-56,below chikou,-1,-14,below chikou,-66
LBRDK,Liberty Broadband (Series C),-1,-3,below chikou,36.02000045776367,0,0,neutral chikou,0,0,neutral chikou,0,0,neutral chikou,-3
LBTYA,Liberty Global (Series A),1,1,above chikou,9.140000343322754,-1,-20,below chikou,-1,-12,below chikou,-1,-1,below chikou,-32
LBTYK,Liberty Global (Series C),1,1,above chikou,8.949999809265137,-1,-16,below chikou,-1,-16,below chikou,-1,-2,below chikou,-33
LDOS,Leidos,-1,-92,below chikou,116.69000244140624,-1,-16,below chikou,-1,-34,below chikou,-1,-5,below chikou,-147
LEA,Lear Corporation,1,21,above chikou,122.0,0,-10,below chikou,0,6,above chikou,1,6,above chikou,23
LECO,Lincoln Electric,1,21,above chikou,275.5400085449219,-1,-19,below chikou,1,3,above chikou,1,76,above chikou,81
LEN,Lennar (Class A),-1,-20,below chikou,77.41000366210938,-1,-25,below chikou,-1,-37,below chikou,-1,-9,below chikou,-91
LEN-B,Lennar (Class B),-1,-20,below chikou,76.97000122070312,-1,-25,below chikou,-1,-42,below chikou,-1,-8,below chikou,-95
LFUS,Littelfuse,1,90,above chikou,454.2799987792969,1,7,above chikou,1,63,above chikou,1,11,above chikou,171
LH,Labcorp,1,2,above chikou,311.7099914550781,-1,-11,below chikou,1,18,above chikou,1,27,above chikou,36
LHX,L3Harris,1,4,above chikou,237.8999938964844,-1,-48,below chikou,-1,-14,below chikou,1,27,above chikou,-31
LII,Lennox International,1,10,above chikou,365.6300048828125,-1,-49,below chikou,-1,-11,below chikou,-1,-4,below chikou,-54
LIN,Linde plc,1,25,above chikou,489.9500122070313,1,1,above chikou,0,-7,below chikou,1,115,above chikou,134
LINE,"Lineage, Inc.",1,10,above chikou,34.97999954223633,-1,-44,below chikou,1,23,above chikou,-1,-2,below chikou,-13
LITE,Lumentum,1,42,above chikou,1091.6700439453125,1,13,above chikou,1,68,above chikou,1,24,above chikou,147
LKQ,LKQ Corporation,-1,-50,below chikou,22.38999938964844,-1,-16,below chikou,-1,-24,below chikou,-1,-37,below chikou,-127
LLY,Lilly (Eli),1,1,above chikou,1157.489990234375,-1,-26,below chikou,1,54,above chikou,1,103,above chikou,132
LLYVA,Liberty Live (Series A),1,6,above chikou,96.16999816894533,-1,-23,below chikou,0,27,above chikou,1,13,above chikou,23
LLYVK,Liberty Live (Series C),1,7,above chikou,98.87000274658205,-1,-22,below chikou,0,27,above chikou,1,13,above chikou,25
LMT,Lockheed Martin,1,1,above chikou,510.1199951171875,-1,-26,below chikou,-1,-13,below chikou,0,58,above chikou,20
LNC,Lincoln Financial,1,14,above chikou,42.08000183105469,-1,-21,below chikou,1,13,above chikou,1,21,above chikou,27
LNG,Cheniere Energy,1,16,above chikou,275.260009765625,-1,-8,below chikou,0,-3,below chikou,1,69,above chikou,74
LNT,Alliant Energy,1,7,above chikou,65.48999786376953,-1,-49,below chikou,-1,-8,below chikou,1,26,above chikou,-24
LOAR,Loar Holdings,0,-34,below chikou,62.34999847412109,-1,-24,below chikou,0,3,above chikou,0,5,above chikou,-50
LOPE,Grand Canyon Education,1,33,above chikou,155.5500030517578,1,32,above chikou,-1,-35,below chikou,0,39,above chikou,69
LOW,Lowe's,1,1,above chikou,183.6699981689453,-1,-25,below chikou,-1,-24,below chikou,-1,-6,below chikou,-54
LPLA,LPL Financial,1,18,above chikou,332.3900146484375,-1,-20,below chikou,1,8,above chikou,1,113,above chikou,119
LPX,Louisiana-Pacific,1,14,above chikou,66.88999938964844,-1,-31,below chikou,-1,-34,below chikou,-1,-3,below chikou,-54
LRCX,Lam Research,0,91,above chikou,333.8900146484375,1,7,above chikou,1,74,above chikou,1,158,above chikou,330
LSCC,Lattice Semiconductor,1,91,above chikou,134.47000122070312,1,8,above chikou,1,58,above chikou,1,10,above chikou,167
LSTR,Landstar,0,3,above chikou,169.0500030517578,-1,-20,below chikou,0,44,above chikou,-1,-1,below chikou,26
LULU,Lululemon Athletica,-1,-51,below chikou,93.61000061035156,-1,-22,below chikou,-1,-79,below chikou,-1,-20,below chikou,-172
LUV,Southwest Airlines,1,7,above chikou,42.45000076293945,1,8,above chikou,0,4,above chikou,1,18,above chikou,37
LVS,Las Vegas Sands,-1,-141,below chikou,36.310001373291016,-1,-28,below chikou,-1,-24,below chikou,0,13,above chikou,-180
LW,Lamb Weston,1,17,above chikou,44.56999969482422,-1,-23,below chikou,1,16,above chikou,-1,-26,below chikou,-16
LYB,LyondellBasell,1,17,above chikou,58.93000030517578,-1,-13,below chikou,-1,-4,below chikou,-1,-20,below chikou,-20
LYFT,Lyft,1,25,above chikou,15.729999542236328,-1,-19,below chikou,1,9,above chikou,1,2,above chikou,17
LYV,Live Nation Entertainment,1,6,above chikou,171.8000030517578,-1,-25,below chikou,1,27,above chikou,1,26,above chikou,34
M,"Macy's, Inc.",-1,-19,below chikou,22.459999084472656,0,-5,below chikou,1,21,above chikou,1,14,above chikou,11
MA,Mastercard,1,9,above chikou,566.5800170898438,-1,-11,below chikou,1,12,above chikou,1,46,above chikou,56
MAA,Mid-America Apartment Communities,0,-28,below chikou,116.98999786376952,-1,-45,below chikou,-1,-6,below chikou,-1,-2,below chikou,-81
MANH,Manhattan Associates,0,23,above chikou,202.83999633789065,-1,-7,below chikou,1,11,above chikou,-1,-13,below chikou,14
MAR,Marriott International,1,6,above chikou,361.2799987792969,1,1,above chikou,1,57,above chikou,1,71,above chikou,135
MAS,Masco,1,14,above chikou,69.93000030517578,-1,-20,below chikou,1,6,above chikou,0,5,above chikou,5
MAT,Mattel,1,23,above chikou,15.93000030517578,1,2,above chikou,1,2,above chikou,-1,-9,below chikou,18
MBGL,Mobility Global,1,5,above chikou,17.59000015258789,-1,-11,below chikou,0,0,neutral chikou,0,0,neutral chikou,-6
MCD,McDonald's,1,5,above chikou,232.4499969482422,-1,-25,below chikou,-1,-25,below chikou,-1,-1,below chikou,-46
MCHP,Microchip Technology,1,24,above chikou,81.26000213623047,1,7,above chikou,1,27,above chikou,0,-4,below chikou,54
MCK,McKesson Corporation,1,28,above chikou,921.6699829101562,1,2,above chikou,1,2,above chikou,1,78,above chikou,110
MCO,Moody's Corporation,1,1,above chikou,452.3200073242188,-1,-20,below chikou,0,9,above chikou,0,32,above chikou,22
MDB,MongoDB Inc.,1,23,above chikou,359.2300109863281,-1,-15,below chikou,1,10,above chikou,1,3,above chikou,21
MDGL,Madrigal Pharmaceuticals,-1,-38,below chikou,496.4500122070313,-1,-9,below chikou,-1,-2,below chikou,1,47,above chikou,-2
MDLN,Medline Inc.,1,23,above chikou,35.79999923706055,1,6,above chikou,-1,-16,below chikou,0,0,neutral chikou,13
MDLZ,Mondelez International,1,7,above chikou,59.619998931884766,-1,-13,below chikou,1,24,above chikou,-1,-16,below chikou,2
MDT,Medtronic,1,14,above chikou,87.08999633789062,-1,-10,below chikou,0,5,above chikou,1,4,above chikou,13
MDU,MDU Resources,1,21,above chikou,18.950000762939453,-1,-56,below chikou,-1,-6,below chikou,1,33,above chikou,-8
MEDP,Medpace,-1,-7,below chikou,620.510009765625,0,-3,below chikou,1,9,above chikou,1,97,above chikou,96
MET,Metlife,1,14,above chikou,97.16000366210938,0,2,above chikou,1,24,above chikou,1,39,above chikou,79
META,Meta Platforms,1,22,above chikou,741.9000244140625,1,22,above chikou,1,4,above chikou,1,35,above chikou,83
MFP,Midera Food Processing,1,20,above chikou,42.540000915527344,-1,-24,below chikou,0,0,neutral chikou,0,0,neutral chikou,-4
MGM,MGM Resorts International,0,-70,below chikou,30.540000915527344,-1,-63,below chikou,-1,-3,below chikou,-1,-2,below chikou,-138
MHK,Mohawk Industries,1,24,above chikou,126.0500030517578,-1,-19,below chikou,1,11,above chikou,-1,-1,below chikou,15
MIDD,Middleby,1,13,above chikou,105.91999816894533,-1,-49,below chikou,0,-9,below chikou,-1,-1,below chikou,-46
MKC,McCormick & Company,0,-163,below chikou,45.400001525878906,-1,-18,below chikou,-1,-32,below chikou,-1,-8,below chikou,-221
MKL,Markel,1,7,above chikou,1738.3299560546875,-1,-47,below chikou,-1,-24,below chikou,1,68,above chikou,4
MKSI,MKS Instruments,1,42,above chikou,281.4100036621094,1,3,above chikou,1,59,above chikou,1,17,above chikou,121
MKTX,MarketAxess,0,18,above chikou,164.02999877929688,1,49,above chikou,-1,-31,below chikou,-1,-22,below chikou,14
MLI,Mueller Industries,1,37,above chikou,63.130001068115234,0,-26,below chikou,1,9,above chikou,1,72,above chikou,92
MLM,Martin Marietta Materials,1,13,above chikou,489.010009765625,-1,-54,below chikou,-1,-31,below chikou,-1,-4,below chikou,-76
MMM,3M,0,-42,below chikou,163.63999938964844,-1,-25,below chikou,1,12,above chikou,1,28,above chikou,-27
MNST,Monster Beverage,1,22,above chikou,43.25,-1,-46,below chikou,1,87,above chikou,1,78,above chikou,141
MO,Altria,1,7,above chikou,68.55000305175781,1,19,above chikou,1,134,above chikou,1,68,above chikou,228
MOD,Modine Manufacturing,1,7,above chikou,189.9100036621093,1,1,above chikou,-1,-9,below chikou,1,57,above chikou,56
MOH,Molina Healthcare,1,15,above chikou,195.1699981689453,-1,-12,below chikou,1,24,above chikou,-1,-16,below chikou,11
MORN,"Morningstar, Inc.",1,13,above chikou,195.69000244140625,-1,-11,below chikou,1,9,above chikou,-1,-12,below chikou,-1
MOS,Mosaic Company (The),1,1,above chikou,20.940000534057617,-1,-6,below chikou,-1,-50,below chikou,-1,-34,below chikou,-89
MP,MP Materials,1,4,above chikou,46.84000015258789,-1,-14,below chikou,-1,-6,below chikou,1,17,above chikou,1
MPC,Marathon Petroleum,1,34,above chikou,432.3599853515625,1,68,above chikou,1,74,above chikou,1,66,above chikou,242
MPT,Medical Properties Trust,-1,-53,below chikou,3.299999952316284,-1,-41,below chikou,-1,-19,below chikou,-1,-1,below chikou,-114
MPWR,Monolithic Power Systems,1,22,above chikou,1473.68994140625,1,8,above chikou,1,74,above chikou,1,171,above chikou,275
MRK,Merck & Co.,-1,-35,below chikou,141.94000244140625,-1,-5,below chikou,1,54,above chikou,1,5,above chikou,19
MRNA,Moderna,-1,-5,below chikou,203.2100067138672,1,33,above chikou,1,44,above chikou,1,2,above chikou,74
MRP,Millrose Properties,-1,-139,below chikou,22.51000022888184,-1,-13,below chikou,-1,-2,below chikou,0,0,neutral chikou,-154
MRSH,Marsh McLennan,0,7,above chikou,171.74000549316406,-1,-23,below chikou,0,12,above chikou,-1,-13,below chikou,-17
MRVL,Marvell Technology,1,42,above chikou,287.010009765625,1,34,above chikou,1,56,above chikou,1,28,above chikou,160
MS,Morgan Stanley,1,7,above chikou,191.0200042724609,-1,-18,below chikou,1,71,above chikou,1,30,above chikou,90
MSA,MSA Safety,1,14,above chikou,182.4499969482422,-1,-20,below chikou,1,3,above chikou,0,-2,below chikou,-5
MSCI,MSCI,1,14,above chikou,554.9199829101562,-1,-24,below chikou,0,9,above chikou,0,28,above chikou,27
MSFT,Microsoft,1,23,above chikou,529.2999877929688,1,12,above chikou,1,10,above chikou,1,4,above chikou,49
MSGS,Madison Square Garden Sports,1,1,above chikou,400.3200073242188,0,-3,below chikou,1,57,above chikou,1,47,above chikou,102
MSI,Motorola Solutions,1,14,above chikou,456.2799987792969,-1,-13,below chikou,1,21,above chikou,1,191,above chikou,213
MSM,MSC Industrial Direct,1,39,above chikou,130.32000732421875,1,7,above chikou,1,27,above chikou,1,7,above chikou,80
MSTR,MicroStrategy,1,15,above chikou,164.5500030517578,1,38,above chikou,1,4,above chikou,1,1,above chikou,58
MTB,M&T Bank,1,15,above chikou,218.7400054931641,-1,-33,below chikou,0,60,above chikou,1,28,above chikou,70
MTCH,Match Group,1,23,above chikou,40.619998931884766,-1,-5,below chikou,1,26,above chikou,1,6,above chikou,50
MTD,Mettler Toledo,1,8,above chikou,1533.0699462890625,1,11,above chikou,1,10,above chikou,0,-6,below chikou,23
MTDR,Matador Resources,1,28,above chikou,53.0099983215332,-1,-10,below chikou,-1,-3,below chikou,0,-6,below chikou,9
MTG,MGIC Investment Corporation,1,6,above chikou,27.36000061035156,-1,-16,below chikou,0,13,above chikou,1,69,above chikou,72
MTN,Vail Resorts,1,27,above chikou,145.1999969482422,0,-26,below chikou,1,15,above chikou,-1,-45,below chikou,-29
MTSI,MACOM Technology Solutions,1,44,above chikou,328.29998779296875,1,6,above chikou,1,60,above chikou,1,78,above chikou,188
MTZ,MasTec,1,25,above chikou,228.3000030517578,-1,-61,below chikou,-1,-7,below chikou,1,30,above chikou,-13
MU,Micron Technology,0,-12,below chikou,1045.56005859375,1,24,above chikou,1,71,above chikou,1,36,above chikou,119
MUSA,Murphy USA,1,12,above chikou,511.6799926757813,0,-41,below chikou,0,39,above chikou,0,113,above chikou,123
MWH,SOLV Energy,1,21,above chikou,25.09000015258789,-1,-32,below chikou,-1,-8,below chikou,0,0,neutral chikou,-19
NBIX,Neurocrine Biosciences,1,34,above chikou,145.50999450683594,-1,-44,below chikou,1,22,above chikou,0,40,above chikou,52
NCLH,Norwegian Cruise Line Holdings,1,25,above chikou,14.869999885559082,-1,-35,below chikou,-1,-39,below chikou,0,-3,below chikou,-52
NDAQ,"Nasdaq, Inc.",1,10,above chikou,92.2699966430664,-1,-19,below chikou,1,9,above chikou,1,31,above chikou,31
NDSN,Nordson,1,93,above chikou,334.2200012207031,1,1,above chikou,1,60,above chikou,1,11,above chikou,165
NEE,NextEra Energy,1,24,above chikou,77.87999725341797,-1,-46,below chikou,-1,-10,below chikou,1,15,above chikou,-17
NEM,Newmont,1,4,above chikou,116.38999938964844,-1,-8,below chikou,0,8,above chikou,1,25,above chikou,29
NET,Cloudflare,1,14,above chikou,359.489990234375,1,77,above chikou,1,21,above chikou,1,27,above chikou,139
NEU,NewMarket,1,54,above chikou,926.280029296875,0,-14,below chikou,1,20,above chikou,1,43,above chikou,103
NFG,National Fuel Gas,1,4,above chikou,78.3499984741211,-1,-14,below chikou,-1,-10,below chikou,1,22,above chikou,2
NFLX,"Netflix, Inc.",1,1,above chikou,68.69000244140625,-1,-13,below chikou,-1,-6,below chikou,0,31,above chikou,13
NI,NiSource,1,23,above chikou,40.66999816894531,0,-59,below chikou,-1,-10,below chikou,1,58,above chikou,12
NIQ,NIQ Global Intelligence,0,-70,below chikou,17.31999969482422,-1,-6,below chikou,1,9,above chikou,0,0,neutral chikou,-67
NKE,"Nike, Inc.",-1,-22,below chikou,34.61000061035156,-1,-41,below chikou,-1,-41,below chikou,-1,-50,below chikou,-154
NLY,Annaly Capital Management,0,-70,below chikou,18.420000076293945,-1,-23,below chikou,-1,-2,below chikou,1,28,above chikou,-67
NNN,NNN Reit,1,1,above chikou,40.5099983215332,-1,-41,below chikou,-1,-1,below chikou,0,35,above chikou,-6
NOC,Northrop Grumman,0,-45,below chikou,483.1099853515625,-1,-25,below chikou,-1,-24,below chikou,0,19,above chikou,-75
NOV,NOV Inc.,1,14,above chikou,19.0,-1,-14,below chikou,0,52,above chikou,0,9,above chikou,61
NOW,ServiceNow,1,1,above chikou,136.0800018310547,0,50,above chikou,1,10,above chikou,-1,-9,below chikou,52
NRG,NRG Energy,1,8,above chikou,103.5999984741211,-1,-50,below chikou,-1,-30,below chikou,1,64,above chikou,-8
NSC,Norfolk Southern,1,20,above chikou,316.3099975585937,-1,-26,below chikou,1,26,above chikou,1,27,above chikou,47
NTAP,Netapp,1,64,above chikou,228.4499969482422,1,7,above chikou,1,23,above chikou,1,36,above chikou,130
NTNX,Nutanix,1,37,above chikou,73.41000366210938,0,111,above chikou,1,14,above chikou,1,3,above chikou,165
NTRA,Natera,-1,-7,below chikou,425.6400146484375,1,41,above chikou,1,16,above chikou,1,31,above chikou,81
NTRS,Northern Trust,1,1,above chikou,169.4600067138672,-1,-17,below chikou,1,69,above chikou,1,25,above chikou,78
NU,Nubank,1,23,above chikou,15.18000030517578,0,-10,below chikou,1,6,above chikou,1,32,above chikou,51
NUE,Nucor,1,15,above chikou,251.07000732421875,0,-19,below chikou,1,68,above chikou,1,11,above chikou,75
NVDA,Nvidia,1,49,above chikou,239.2400054931641,1,12,above chikou,1,26,above chikou,1,157,above chikou,244
NVR,"NVR, Inc.",1,1,above chikou,6046.60009765625,-1,-25,below chikou,-1,-35,below chikou,-1,-8,below chikou,-67
NVST,Envista,1,1,above chikou,23.34000015258789,-1,-22,below chikou,-1,-9,below chikou,1,9,above chikou,-21
NVT,nVent Electric,1,26,above chikou,167.1699981689453,1,6,above chikou,1,68,above chikou,1,69,above chikou,169
NWS,News Corp (Class B),1,1,above chikou,32.0,-1,-10,below chikou,1,15,above chikou,1,35,above chikou,41
NWSA,News Corp (Class A),1,1,above chikou,28.950000762939453,-1,-9,below chikou,1,15,above chikou,1,35,above chikou,42
NXST,Nexstar Media Group,-1,-28,below chikou,157.36000061035156,-1,-25,below chikou,-1,-19,below chikou,0,17,above chikou,-55
NXT,Nextpower,1,21,above chikou,82.97000122070312,-1,-81,below chikou,-1,-11,below chikou,1,19,above chikou,-52
NYT,New York Times Company,1,2,above chikou,64.06999969482422,-1,-10,below chikou,-1,-9,below chikou,1,30,above chikou,13
O,Realty Income,1,1,above chikou,54.25,-1,-41,below chikou,-1,-8,below chikou,0,17,above chikou,-31
OC,Owens Corning,1,6,above chikou,119.77999877929688,-1,-25,below chikou,1,22,above chikou,-1,-12,below chikou,-9
ODFL,Old Dominion Freight Line,1,26,above chikou,178.02000427246094,-1,-48,below chikou,-1,-6,below chikou,-1,-1,below chikou,-29
OGE,OGE Energy,1,1,above chikou,45.84000015258789,0,-47,below chikou,-1,-7,below chikou,1,54,above chikou,1
OGN,Organon & Co.,1,2,above chikou,13.699999809265137,-1,-4,below chikou,1,26,above chikou,-1,-40,below chikou,-16
OHI,Omega Healthcare Investors,-1,-28,below chikou,44.77000045776367,-1,-9,below chikou,0,66,above chikou,1,39,above chikou,68
OKE,Oneok,1,15,above chikou,89.2300033569336,-1,-11,below chikou,1,36,above chikou,1,61,above chikou,101
OKLO,Oklo Inc.,1,7,above chikou,35.970001220703125,-1,-18,below chikou,-1,-36,below chikou,1,25,above chikou,-22
OKTA,"Okta, Inc.",1,32,above chikou,218.2899932861328,1,27,above chikou,1,21,above chikou,1,6,above chikou,86
OLED,Universal Display Corporation,1,36,above chikou,79.66000366210938,-1,-18,below chikou,-1,-49,below chikou,-1,-12,below chikou,-43
OLLI,Ollie's Bargain Outlet,0,85,above chikou,86.8499984741211,1,11,above chikou,-1,-43,below chikou,0,-3,below chikou,50
OLN,Olin Corporation,1,13,above chikou,16.209999084472656,-1,-47,below chikou,-1,-15,below chikou,-1,-29,below chikou,-78
OMC,Omnicom Group,0,-2,below chikou,75.0999984741211,-1,-20,below chikou,0,14,above chikou,-1,-2,below chikou,-10
OMF,OneMain Financial,1,13,above chikou,56.2400016784668,-1,-18,below chikou,1,10,above chikou,1,34,above chikou,39
ON,ON Semiconductor,1,77,above chikou,86.30999755859375,1,6,above chikou,1,58,above chikou,1,7,above chikou,148
ONON,On Holding AG,1,24,above chikou,31.8799991607666,1,3,above chikou,0,-32,below chikou,-1,-3,below chikou,-8
ONTO,Onto Innovation,1,90,above chikou,325.4100036621094,1,5,above chikou,1,54,above chikou,1,59,above chikou,208
ORCL,Oracle Corporation,1,24,above chikou,144.77000427246094,-1,-16,below chikou,0,-3,below chikou,1,157,above chikou,162
ORI,Old Republic International,1,6,above chikou,38.0099983215332,-1,-25,below chikou,-1,-2,below chikou,1,69,above chikou,48
ORLY,O'Reilly Auto Parts,1,1,above chikou,85.13999938964844,-1,-25,below chikou,-1,-36,below chikou,1,100,above chikou,40
OSK,Oshkosh Corporation,1,20,above chikou,132.1300048828125,-1,-19,below chikou,-1,-13,below chikou,1,18,above chikou,6
OTIS,Otis Worldwide,1,13,above chikou,65.87999725341797,-1,-24,below chikou,-1,-31,below chikou,-1,-8,below chikou,-50
OVV,Ovintiv,1,19,above chikou,61.47999954223633,-1,-13,below chikou,1,41,above chikou,1,9,above chikou,56
OWL,Blue Owl Capital,1,1,above chikou,8.970000267028809,-1,-18,below chikou,1,7,above chikou,-1,-9,below chikou,-19
OXY,Occidental Petroleum,1,27,above chikou,58.33000183105469,-1,-11,below chikou,0,-3,below chikou,1,1,above chikou,14
OZK,Bank OZK,-1,-5,below chikou,44.58000183105469,-1,-34,below chikou,-1,-1,below chikou,1,36,above chikou,-4
P,Everpure,1,109,above chikou,143.8800048828125,1,8,above chikou,1,21,above chikou,1,63,above chikou,201
PAG,Penske Automotive Group,-1,-141,below chikou,199.009994506836,-1,-14,below chikou,1,24,above chikou,1,72,above chikou,-59
PANW,Palo Alto Networks,1,35,above chikou,406.760009765625,1,9,above chikou,1,22,above chikou,1,104,above chikou,170
PATH,UiPath,0,34,above chikou,13.15999984741211,-1,-14,below chikou,1,10,above chikou,1,3,above chikou,33
PAYC,Paycom,0,-2,below chikou,225.7899932861328,-1,-6,below chikou,1,11,above chikou,1,3,above chikou,6
PAYX,Paychex,1,6,above chikou,101.0199966430664,-1,-20,below chikou,1,13,above chikou,-1,-2,below chikou,-3
PB,Prosperity Bancshares,1,15,above chikou,67.0999984741211,-1,-31,below chikou,0,28,above chikou,0,28,above chikou,40
PCAR,Paccar,-1,-31,below chikou,109.31999969482422,-1,-27,below chikou,-1,-3,below chikou,1,79,above chikou,18
PCG,PG&E Corporation,1,22,above chikou,12.5,-1,-27,below chikou,-1,-7,below chikou,-1,-3,below chikou,-15
PCOR,Procore,1,35,above chikou,54.18000030517578,-1,-15,below chikou,0,-5,below chikou,0,-9,below chikou,6
PCTY,Paylocity,0,28,above chikou,147.38999938964844,-1,-17,below chikou,1,10,above chikou,0,3,above chikou,24
PEG,Public Service Enterprise Group,1,38,above chikou,71.7300033569336,-1,-56,below chikou,-1,-11,below chikou,0,-2,below chikou,-31
PEGA,Pegasystems,0,26,above chikou,34.599998474121094,-1,-1,below chikou,-1,-37,below chikou,0,27,above chikou,15
PEN,"Penumbra, Inc.",-1,-50,below chikou,317.1099853515625,-1,-19,below chikou,-1,-12,below chikou,1,11,above chikou,-70
PEP,PepsiCo,-1,-161,below chikou,125.70999908447266,-1,-24,below chikou,-1,-12,below chikou,-1,-6,below chikou,-203
PFE,Pfizer,-1,-26,below chikou,27.5,-1,-3,below chikou,1,54,above chikou,1,9,above chikou,34
PFG,Principal Financial Group,-1,-42,below chikou,109.6999969482422,-1,-1,below chikou,1,53,above chikou,1,17,above chikou,27
PFGC,Performance Food Group,1,21,above chikou,92.58000183105467,-1,-38,below chikou,1,20,above chikou,1,57,above chikou,60
PG,Procter & Gamble,1,7,above chikou,148.41000366210938,1,2,above chikou,1,3,above chikou,-1,-6,below chikou,6
PGR,Progressive Corporation,1,16,above chikou,212.0500030517578,-1,-11,below chikou,1,16,above chikou,0,199,above chikou,220
PH,Parker Hannifin,1,20,above chikou,984.9099731445312,-1,-25,below chikou,0,68,above chikou,1,78,above chikou,141
PHM,PulteGroup,1,2,above chikou,116.0999984741211,-1,-25,below chikou,0,3,above chikou,-1,-1,below chikou,-21
PINS,Pinterest,1,25,above chikou,20.059999465942383,-1,-25,below chikou,1,10,above chikou,-1,-10,below chikou,0
PKG,Packaging Corporation of America,1,2,above chikou,229.7400054931641,-1,-25,below chikou,1,26,above chikou,1,74,above chikou,77
PL,Planet Labs,1,21,above chikou,17.360000610351562,-1,-84,below chikou,-1,-7,below chikou,1,17,above chikou,-53
PLD,Prologis,1,1,above chikou,128.67999267578125,-1,-35,below chikou,-1,-1,below chikou,1,13,above chikou,-22
PLNT,Planet Fitness,1,1,above chikou,42.06999969482422,-1,-11,below chikou,-1,-39,below chikou,-1,-6,below chikou,-55
PLTR,Palantir Technologies,1,23,above chikou,189.3999938964844,1,47,above chikou,1,10,above chikou,1,33,above chikou,113
PM,Philip Morris International,1,1,above chikou,190.3999938964844,0,-4,below chikou,1,37,above chikou,1,76,above chikou,110
PNC,PNC Financial Services,1,1,above chikou,220.1600036621093,-1,-34,below chikou,0,60,above chikou,1,28,above chikou,55
PNFP,Pinnacle Financial Partners,1,22,above chikou,96.13999938964844,-1,-25,below chikou,1,14,above chikou,0,28,above chikou,39
PNR,Pentair,1,1,above chikou,52.93999862670898,-1,-26,below chikou,-1,-36,below chikou,-1,-6,below chikou,-67
PNW,Pinnacle West Capital,1,39,above chikou,98.04000091552734,0,-49,below chikou,-1,-5,below chikou,1,36,above chikou,21
PODD,Insulet,1,14,above chikou,134.72999572753906,-1,-44,below chikou,-1,-45,below chikou,-1,-6,below chikou,-81
POOL,Pool Corporation,-1,-68,below chikou,158.24000549316406,-1,-24,below chikou,-1,-83,below chikou,-1,-19,below chikou,-194
POST,Post Holdings,1,7,above chikou,73.31999969482422,-1,-42,below chikou,-1,-34,below chikou,-1,-6,below chikou,-75
POWL,Powell Industries,1,23,above chikou,204.69000244140625,1,3,above chikou,0,61,above chikou,1,48,above chikou,135
PPC,Pilgrim's Pride,1,13,above chikou,27.88999938964844,-1,-9,below chikou,-1,-59,below chikou,-1,-5,below chikou,-60
PPG,PPG Industries,1,7,above chikou,106.5199966430664,-1,-54,below chikou,0,4,above chikou,-1,-21,below chikou,-64
PPL,PPL Corporation,1,39,above chikou,33.70000076293945,-1,-35,below chikou,-1,-11,below chikou,1,35,above chikou,28
PPLI,People Inc.,1,1,above chikou,41.72999954223633,1,7,above chikou,0,3,above chikou,0,5,above chikou,16
PR,Permian Resources,1,27,above chikou,22.229999542236328,-1,-8,below chikou,1,41,above chikou,1,61,above chikou,121
PRI,Primerica,1,21,above chikou,279.1300048828125,-1,-34,below chikou,1,26,above chikou,1,72,above chikou,85
PRIM,Primoris Services Corporation,1,42,above chikou,84.97000122070312,1,3,above chikou,-1,-23,below chikou,1,39,above chikou,61
PRMB,Primo Brands,1,15,above chikou,19.21999931335449,-1,-24,below chikou,0,23,above chikou,0,32,above chikou,46
PRU,Prudential Financial,1,7,above chikou,113.54000091552734,-1,-21,below chikou,1,15,above chikou,0,69,above chikou,70
PSA,Public Storage,1,7,above chikou,285.8500061035156,-1,-26,below chikou,0,27,above chikou,0,27,above chikou,35
PSN,Parsons Corporation,1,14,above chikou,42.11000061035156,-1,-18,below chikou,-1,-44,below chikou,-1,-8,below chikou,-56
PSX,Phillips 66,1,31,above chikou,269.7200012207031,1,65,above chikou,1,69,above chikou,1,55,above chikou,220
PTC,PTC Inc.,1,35,above chikou,193.0,1,2,above chikou,1,1,above chikou,1,1,above chikou,39
PVH,PVH Corp.,1,7,above chikou,78.20999908447266,1,1,above chikou,0,27,above chikou,-1,-11,below chikou,24
PWR,Quanta Services,1,27,above chikou,719.5599975585938,1,5,above chikou,1,76,above chikou,1,78,above chikou,186
PYPL,PayPal,1,13,above chikou,54.40999984741211,-1,-26,below chikou,1,11,above chikou,-1,-9,below chikou,-11
Q,Qnity Electronics,1,90,above chikou,131.52999877929688,1,2,above chikou,1,24,above chikou,0,0,neutral chikou,116
QCOM,Qualcomm,-1,-49,below chikou,181.02999877929688,1,24,above chikou,1,10,above chikou,1,1,above chikou,-14
QGEN,Qiagen,1,16,above chikou,45.650001525878906,1,3,above chikou,1,4,above chikou,0,-8,below chikou,15
QRVO,Qorvo,-1,-35,below chikou,107.9800033569336,0,0,neutral chikou,0,0,neutral chikou,1,2,above chikou,-33
QS,QuantumScape,1,1,above chikou,4.619999885559082,-1,-18,below chikou,-1,-38,below chikou,-1,-4,below chikou,-59
QSR,Restaurant Brands International,0,-28,below chikou,69.87000274658203,-1,-11,below chikou,-1,-2,below chikou,1,12,above chikou,-29
QXO,"QXO, Inc.",1,15,above chikou,11.880000114440918,-1,-66,below chikou,-1,-22,below chikou,0,-14,below chikou,-87
R,Ryder,1,20,above chikou,236.1699981689453,-1,-40,below chikou,1,68,above chikou,1,70,above chikou,118
RAL,Ralliant,1,26,above chikou,73.95999908447266,1,6,above chikou,1,27,above chikou,0,0,neutral chikou,59
RBA,RB Global,1,1,above chikou,81.05000305175781,-1,-45,below chikou,-1,-11,below chikou,0,39,above chikou,-16
RBC,RBC Bearings,1,22,above chikou,514.1799926757812,1,4,above chikou,-1,-8,below chikou,1,72,above chikou,90
RBLX,Roblox Corporation,1,18,above chikou,44.58000183105469,1,20,above chikou,-1,-44,below chikou,1,28,above chikou,22
RBRK,Rubrik,1,35,above chikou,122.68000030517578,1,45,above chikou,1,15,above chikou,1,5,above chikou,100
RCL,Royal Caribbean Group,1,46,above chikou,288.7799987792969,1,1,above chikou,0,-9,below chikou,1,41,above chikou,79
RDDT,Reddit,1,22,above chikou,150.4199981689453,-1,-14,below chikou,0,9,above chikou,1,6,above chikou,23
REG,Regency Centers,0,-48,below chikou,71.41999816894531,-1,-45,below chikou,-1,-6,below chikou,1,28,above chikou,-71
REGN,Regeneron Pharmaceuticals,0,-55,below chikou,738.719970703125,-1,-15,below chikou,0,-2,below chikou,-1,-22,below chikou,-94
REXR,Rexford Industrial,1,6,above chikou,36.68999862670898,0,-4,below chikou,1,8,above chikou,-1,-38,below chikou,-28
REYN,Reynolds Consumer Products,1,15,above chikou,22.229999542236328,-1,-34,below chikou,1,16,above chikou,-1,-4,below chikou,-7
RF,Regions Financial Corporation,1,15,above chikou,27.049999237060547,-1,-34,below chikou,0,28,above chikou,1,17,above chikou,26
RGA,Reinsurance Group of America,1,6,above chikou,251.13999938964844,1,8,above chikou,1,43,above chikou,1,54,above chikou,111
RGEN,Repligen,-1,-27,below chikou,174.86000061035156,-1,-1,below chikou,1,10,above chikou,1,3,above chikou,-15
RGLD,Royal Gold,0,2,above chikou,234.3500061035156,-1,-7,below chikou,-1,-2,below chikou,1,28,above chikou,21
RHI,Robert Half,-1,-19,below chikou,33.66999816894531,-1,-18,below chikou,1,23,above chikou,-1,-42,below chikou,-56
RITM,Rithm Capital,0,-63,below chikou,8.739999771118164,-1,-19,below chikou,-1,-1,below chikou,0,53,above chikou,-30
RIVN,Rivian,-1,-36,below chikou,14.600000381469728,-1,-6,below chikou,0,10,above chikou,0,6,above chikou,-26
RJF,Raymond James Financial,1,10,above chikou,159.42999267578125,-1,-20,below chikou,1,11,above chikou,1,71,above chikou,72
RKLB,Rocket Lab,1,21,above chikou,73.0199966430664,1,3,above chikou,1,2,above chikou,1,27,above chikou,53
RKT,Rocket Companies,1,7,above chikou,11.68000030517578,-1,-18,below chikou,-1,-32,below chikou,-1,-2,below chikou,-45
RL,Ralph Lauren Corporation,1,74,above chikou,368.6700134277344,1,2,above chikou,0,3,above chikou,1,63,above chikou,142
RLI,RLI Corp.,0,7,above chikou,56.040000915527344,-1,-24,below chikou,0,15,above chikou,-1,-13,below chikou,-15
RMBS,Rambus,1,29,above chikou,114.08999633789062,1,11,above chikou,1,3,above chikou,1,78,above chikou,121
RMD,Resmed,-1,-4,below chikou,220.69000244140625,-1,-11,below chikou,-1,-43,below chikou,0,28,above chikou,-30
RNG,RingCentral,1,25,above chikou,79.05999755859375,1,56,above chikou,1,34,above chikou,1,9,above chikou,124
RNR,RenaissanceRe,0,15,above chikou,324.4200134277344,-1,-5,below chikou,1,62,above chikou,1,48,above chikou,120
ROIV,Roivant Sciences,-1,-22,below chikou,35.779998779296875,-1,-3,below chikou,1,65,above chikou,1,35,above chikou,75
ROK,Rockwell Automation,1,35,above chikou,450.739990234375,1,4,above chikou,1,75,above chikou,1,18,above chikou,132
ROKU,"Roku, Inc.",1,1,above chikou,153.41000366210938,-1,-10,below chikou,1,26,above chikou,1,23,above chikou,40
ROL,"Rollins, Inc.",1,1,above chikou,30.350000381469727,-1,-103,below chikou,-1,-31,below chikou,-1,-4,below chikou,-137
ROP,Roper Technologies,1,24,above chikou,362.2799987792969,-1,-18,below chikou,1,10,above chikou,-1,-13,below chikou,3
ROST,Ross Stores,-1,-35,below chikou,224.2100067138672,-1,-5,below chikou,0,61,above chikou,1,36,above chikou,57
RPM,RPM International,1,2,above chikou,98.30999755859376,-1,-26,below chikou,0,3,above chikou,-1,-6,below chikou,-27
RPRX,Royalty Pharma,-1,-28,below chikou,56.65999984741211,-1,-9,below chikou,1,92,above chikou,1,17,above chikou,72
RRC,Range Resources,1,16,above chikou,40.02000045776367,-1,-14,below chikou,-1,-4,below chikou,1,66,above chikou,64
RRX,Regal Rexnord,1,23,above chikou,166.36000061035156,1,1,above chikou,-1,-9,below chikou,0,10,above chikou,25
RS,"Reliance, Inc.",1,26,above chikou,401.489990234375,1,4,above chikou,1,37,above chikou,1,127,above chikou,194
RSG,Republic Services,1,13,above chikou,214.7400054931641,-1,-12,below chikou,0,-9,below chikou,1,166,above chikou,158
RTX,RTX Corporation,-1,-62,below chikou,183.2899932861328,-1,-26,below chikou,-1,-5,below chikou,1,34,above chikou,-59
RVMD,Revolution Medicines,-1,-7,below chikou,207.67999267578125,-1,-14,below chikou,1,57,above chikou,1,33,above chikou,69
RVTY,Revvity,0,-7,below chikou,153.3000030517578,1,44,above chikou,1,16,above chikou,1,5,above chikou,58
RYAN,Ryan Specialty,1,14,above chikou,37.97999954223633,-1,-23,below chikou,1,8,above chikou,-1,-9,below chikou,-10
RYN,Rayonier,1,1,above chikou,18.09000015258789,-1,-35,below chikou,-1,-13,below chikou,-1,-40,below chikou,-87
S,SentinelOne,1,29,above chikou,25.43000030517578,1,16,above chikou,1,21,above chikou,0,3,above chikou,69
SAIA,Saia,1,33,above chikou,341.6499938964844,-1,-77,below chikou,-1,-8,below chikou,-1,-19,below chikou,-71
SAIC,SAIC,-1,-43,below chikou,126.9000015258789,0,-2,below chikou,1,24,above chikou,0,3,above chikou,-18
SAIL,SailPoint,0,-45,below chikou,20.290000915527344,0,16,above chikou,1,10,above chikou,0,0,neutral chikou,-19
SANM,Sanmina Corporation,1,22,above chikou,228.07000732421875,1,11,above chikou,1,140,above chikou,1,72,above chikou,245
SARO,StandardAero,0,-52,below chikou,21.040000915527344,-1,-41,below chikou,-1,-14,below chikou,0,0,neutral chikou,-107
SBAC,SBA Communications,1,7,above chikou,169.6999969482422,-1,-13,below chikou,-1,-12,below chikou,-1,-5,below chikou,-23
SBUX,Starbucks,1,6,above chikou,96.11000061035156,-1,-21,below chikou,0,38,above chikou,1,9,above chikou,32
SCCO,Southern Copper,1,6,above chikou,204.259994506836,-1,-6,below chikou,1,68,above chikou,1,75,above chikou,143
SCHW,Charles Schwab Corporation,-1,-33,below chikou,96.8000030517578,-1,-15,below chikou,0,11,above chikou,1,24,above chikou,-13
SCI,Service Corporation International,1,7,above chikou,77.30000305175781,-1,-25,below chikou,-1,-2,below chikou,1,35,above chikou,15
SEB,Seaboard Corporation,1,13,above chikou,4112.68994140625,1,1,above chikou,-1,-11,below chikou,1,12,above chikou,15
SEIC,SEI Investments Company,1,3,above chikou,102.86000061035156,-1,-11,below chikou,1,25,above chikou,1,35,above chikou,52
SF,Stifel,1,22,above chikou,70.12000274658203,-1,-25,below chikou,-1,-2,below chikou,1,33,above chikou,28
SFD,Smithfield Foods,1,1,above chikou,18.729999542236328,-1,-39,below chikou,-1,-9,below chikou,0,0,neutral chikou,-47
SFM,Sprouts Farmers Market,-1,-9,below chikou,64.91999816894531,-1,-21,below chikou,-1,-5,below chikou,-1,-2,below chikou,-37
SGI,Somnigroup International,1,21,above chikou,62.7400016784668,-1,-13,below chikou,-1,-32,below chikou,1,35,above chikou,11
SHC,Sotera Health,0,-7,below chikou,18.549999237060547,-1,-12,below chikou,1,10,above chikou,1,6,above chikou,-3
SHW,Sherwin-Williams,1,2,above chikou,321.1600036621094,-1,-24,below chikou,0,3,above chikou,-1,-1,below chikou,-20
SIRI,SiriusXM,1,14,above chikou,26.36000061035156,-1,-41,below chikou,1,28,above chikou,0,3,above chikou,4
SITE,SiteOne Landscape Supply,1,2,above chikou,87.66000366210938,-1,-18,below chikou,-1,-23,below chikou,-1,-8,below chikou,-47
SITM,SiTime,1,92,above chikou,710.0399780273438,1,6,above chikou,1,61,above chikou,1,24,above chikou,183
SJM,J.M. Smucker Company (The),1,1,above chikou,116.8000030517578,-1,-7,below chikou,1,20,above chikou,1,4,above chikou,18
SLB,Schlumberger,1,12,above chikou,50.0,-1,-14,below chikou,0,51,above chikou,1,9,above chikou,58
SLGN,Silgan Holdings,1,6,above chikou,35.209999084472656,-1,-48,below chikou,-1,-11,below chikou,-1,-8,below chikou,-61
SLM,Sallie Mae,1,1,above chikou,22.57999992370605,-1,-19,below chikou,0,9,above chikou,1,35,above chikou,26
SMCI,Supermicro,1,22,above chikou,43.459999084472656,1,42,above chikou,1,9,above chikou,0,-8,below chikou,65
SMG,Scotts Miracle-Gro Company,1,2,above chikou,50.52000045776367,-1,-45,below chikou,-1,-9,below chikou,-1,-2,below chikou,-54
SMMT,Summit Therapeutics,1,2,above chikou,17.270000457763672,1,23,above chikou,-1,-1,below chikou,1,32,above chikou,56
SMTC,Semtech,1,25,above chikou,197.1999969482422,1,25,above chikou,1,61,above chikou,1,24,above chikou,135
SN,SharkNinja,1,15,above chikou,182.69000244140625,-1,-4,below chikou,1,27,above chikou,1,14,above chikou,52
SNA,Snap-on,1,15,above chikou,368.6099853515625,-1,-35,below chikou,0,56,above chikou,1,70,above chikou,106
SNDK,SanDisk,-1,-12,below chikou,1704.1600341796875,1,24,above chikou,1,61,above chikou,0,0,neutral chikou,73
SNDR,Schneider National,0,-3,below chikou,32.31999969482422,-1,-34,below chikou,1,45,above chikou,1,10,above chikou,18
SNOW,Snowflake Inc.,-1,-8,below chikou,338.989990234375,1,100,above chikou,1,20,above chikou,1,6,above chikou,118
SNPS,Synopsys,1,32,above chikou,505.1700134277344,1,9,above chikou,1,2,above chikou,0,-12,below chikou,31
SNX,TD Synnex,1,27,above chikou,278.3800048828125,1,18,above chikou,1,73,above chikou,1,35,above chikou,153
SO,Southern Company,1,33,above chikou,85.44000244140625,-1,-46,below chikou,-1,-8,below chikou,1,94,above chikou,73
SOFI,SoFi,1,14,above chikou,15.920000076293944,-1,-18,below chikou,-1,-35,below chikou,1,27,above chikou,-12
SOLS,Solstice Advanced Materials,1,23,above chikou,58.060001373291016,1,6,above chikou,-1,-11,below chikou,0,0,neutral chikou,18
SOLV,Solventum,0,-29,below chikou,88.02999877929688,-1,-4,below chikou,1,11,above chikou,1,5,above chikou,-17
SON,Sonoco,0,-48,below chikou,48.02000045776367,-1,-25,below chikou,-1,-5,below chikou,0,5,above chikou,-73
SPCX,SpaceX,1,36,above chikou,171.08999633789062,1,30,above chikou,0,0,neutral chikou,0,0,neutral chikou,66
SPG,Simon Property Group,1,2,above chikou,201.7400054931641,-1,-33,below chikou,1,57,above chikou,1,36,above chikou,62
SPGI,S&P Global,1,6,above chikou,396.1300048828125,-1,-14,below chikou,0,8,above chikou,-1,-2,below chikou,-2
SPOT,Spotify,1,1,above chikou,483.0499877929688,-1,-10,below chikou,0,9,above chikou,1,33,above chikou,33
SPXC,SPX Technologies,1,21,above chikou,175.82000732421875,-1,-61,below chikou,-1,-9,below chikou,1,118,above chikou,69
SRE,Sempra,1,35,above chikou,79.97000122070312,-1,-49,below chikou,-1,-10,below chikou,1,18,above chikou,-6
SSB,SouthState Corporation,1,15,above chikou,100.9499969482422,-1,-19,below chikou,1,26,above chikou,1,28,above chikou,50
SSD,Simpson Manufacturing Company,1,14,above chikou,175.02000427246094,-1,-31,below chikou,0,3,above chikou,0,5,above chikou,-9
SSNC,SS&C Technologies,0,17,above chikou,77.98999786376953,-1,-11,below chikou,1,9,above chikou,1,28,above chikou,43
ST,Sensata Technologies,1,23,above chikou,43.91999816894531,1,3,above chikou,1,68,above chikou,1,10,above chikou,104
STAG,STAG Industrial,1,6,above chikou,36.119998931884766,-1,-5,below chikou,0,2,above chikou,0,28,above chikou,31
STE,Steris,0,-4,below chikou,208.6499938964844,-1,-23,below chikou,-1,-32,below chikou,-1,-1,below chikou,-60
STLD,Steel Dynamics,1,17,above chikou,238.1699981689453,0,2,above chikou,1,57,above chikou,1,69,above chikou,145
STRL,Sterling Infrastructure,1,21,above chikou,563.6900024414062,1,3,above chikou,1,71,above chikou,1,75,above chikou,170
STT,State Street Corporation,1,3,above chikou,175.75,-1,-15,below chikou,1,68,above chikou,1,28,above chikou,84
STWD,Starwood Property Trust,-1,-70,below chikou,12.93000030517578,-1,-39,below chikou,-1,-19,below chikou,-1,-2,below chikou,-130
STZ,Constellation Brands,1,12,above chikou,115.66999816894533,-1,-24,below chikou,-1,-14,below chikou,-1,-22,below chikou,-48
SUI,Sun Communities,1,11,above chikou,112.06999969482422,-1,-24,below chikou,-1,-12,below chikou,-1,-1,below chikou,-26
SUNB,Sunbelt Rentals,1,23,above chikou,77.38999938964844,1,2,above chikou,1,3,above chikou,0,0,neutral chikou,28
SW,Smurfit Westrock,0,-48,below chikou,42.40999984741211,-1,-24,below chikou,1,23,above chikou,0,30,above chikou,-19
SWK,Stanley Black & Decker,1,6,above chikou,89.98999786376953,-1,-20,below chikou,1,26,above chikou,0,5,above chikou,17
SWKS,Skyworks Solutions,-1,-49,below chikou,82.79000091552734,1,42,above chikou,1,21,above chikou,-1,-25,below chikou,-11
SYF,Synchrony Financial,1,21,above chikou,71.87999725341797,-1,-18,below chikou,0,10,above chikou,1,31,above chikou,44
SYK,Stryker Corporation,1,14,above chikou,278.20001220703125,-1,-26,below chikou,-1,-50,below chikou,-1,-7,below chikou,-69
SYY,Sysco,0,-28,below chikou,77.44999694824219,-1,-26,below chikou,1,2,above chikou,1,17,above chikou,-35
T,AT&T,0,-57,below chikou,24.43000030517578,-1,-7,below chikou,-1,-10,below chikou,1,34,above chikou,-40
TAP,Molson Coors,1,30,above chikou,36.90999984741211,-1,-25,below chikou,-1,-32,below chikou,-1,-17,below chikou,-44
TDG,TransDigm Group,1,6,above chikou,1103.3299560546875,-1,-60,below chikou,-1,-14,below chikou,0,-2,below chikou,-70
TDY,Teledyne Technologies,1,23,above chikou,622.219970703125,0,-27,below chikou,0,-8,below chikou,1,27,above chikou,15
TEAM,Atlassian,1,24,above chikou,196.6499938964844,1,50,above chikou,1,10,above chikou,1,3,above chikou,87
TECH,Bio-Techne,0,-7,below chikou,72.43000030517578,0,79,above chikou,1,16,above chikou,0,5,above chikou,93
TEM,Tempus AI,-1,-28,below chikou,83.55000305175781,1,33,above chikou,1,8,above chikou,0,3,above chikou,16
TER,Teradyne,1,47,above chikou,430.3200073242188,1,7,above chikou,1,59,above chikou,1,16,above chikou,129
TFC,Truist Financial,1,2,above chikou,46.25,-1,-34,below chikou,0,28,above chikou,1,17,above chikou,13
TFSL,Third Federal S&L,1,21,above chikou,16.56999969482422,-1,-41,below chikou,1,60,above chikou,1,28,above chikou,68
TFX,Teleflex,0,5,above chikou,124.73999786376952,-1,-20,below chikou,1,23,above chikou,-1,-60,below chikou,-52
TGT,Target Corporation,-1,-22,below chikou,154.3300018310547,-1,-6,below chikou,1,43,above chikou,0,3,above chikou,18
THC,Tenet Healthcare,1,17,above chikou,258.4700012207031,-1,-12,below chikou,1,15,above chikou,1,35,above chikou,55
THG,Hanover Insurance,1,21,above chikou,220.0399932861328,-1,-11,below chikou,1,26,above chikou,1,27,above chikou,63
THO,Thor Industries,0,-49,below chikou,67.62999725341797,-1,-25,below chikou,-1,-33,below chikou,-1,-8,below chikou,-115
TIGO,Millicom,1,8,above chikou,91.16999816894533,-1,-4,below chikou,1,147,above chikou,1,28,above chikou,179
TJX,TJX Companies,1,40,above chikou,137.02999877929688,1,1,above chikou,-1,-8,below chikou,1,210,above chikou,243
TKO,TKO Group Holdings,1,1,above chikou,176.4600067138672,-1,-13,below chikou,-1,-17,below chikou,1,55,above chikou,26
TKR,Timken Company,1,26,above chikou,119.54000091552734,-1,-50,below chikou,1,57,above chikou,1,12,above chikou,45
TLN,Talen Energy,1,68,above chikou,331.8699951171875,1,3,above chikou,1,1,above chikou,1,15,above chikou,87
TMO,Thermo Fisher Scientific,-1,-28,below chikou,656.5800170898438,1,89,above chikou,1,10,above chikou,1,3,above chikou,74
TMUS,T-Mobile US,1,12,above chikou,165.92999267578125,-1,-14,below chikou,-1,-60,below chikou,-1,-2,below chikou,-64
TNL,Travel + Leisure Co.,1,6,above chikou,62.81999969482422,-1,-36,below chikou,-1,-7,below chikou,1,26,above chikou,-11
TOL,Toll Brothers,1,15,above chikou,138.0,-1,-28,below chikou,0,-9,below chikou,0,75,above chikou,53
TOST,"Toast, Inc.",1,8,above chikou,30.040000915527344,-1,-19,below chikou,1,10,above chikou,1,30,above chikou,29
TPG,TPG Inc.,1,25,above chikou,44.5,-1,-15,below chikou,1,8,above chikou,0,32,above chikou,50
TPL,Texas Pacific Land Corporation,1,15,above chikou,355.1600036621094,-1,-10,below chikou,-1,-9,below chikou,1,39,above chikou,35
TPR,"Tapestry, Inc.",1,50,above chikou,116.75,-1,-38,below chikou,-1,-9,below chikou,1,33,above chikou,36
TREX,"Trex Company, Inc.",1,14,above chikou,44.86000061035156,0,-19,below chikou,1,22,above chikou,-1,-14,below chikou,3
TRGP,Targa Resources,1,22,above chikou,285.7200012207031,-1,-9,below chikou,1,49,above chikou,1,66,above chikou,128
TRMB,Trimble Inc.,1,26,above chikou,60.95000076293945,0,-7,below chikou,-1,-39,below chikou,1,3,above chikou,-17
TROW,T. Rowe Price,-1,-13,below chikou,103.5999984741211,-1,-41,below chikou,1,24,above chikou,1,7,above chikou,-23
TRU,TransUnion,1,14,above chikou,63.81999969482422,-1,-19,below chikou,-1,-2,below chikou,-1,-2,below chikou,-9
TRV,Travelers Companies (The),1,8,above chikou,360.6400146484375,-1,-11,below chikou,1,150,above chikou,1,72,above chikou,219
TSCO,Tractor Supply Company,1,8,above chikou,32.290000915527344,-1,-16,below chikou,-1,-41,below chikou,-1,-7,below chikou,-56
TSLA,"Tesla, Inc.",1,21,above chikou,380.6799926757813,1,27,above chikou,1,1,above chikou,1,24,above chikou,73
TSN,Tyson Foods,1,21,above chikou,51.970001220703125,-1,-30,below chikou,-1,-12,below chikou,-1,-2,below chikou,-23
TT,Trane Technologies,1,25,above chikou,476.3900146484375,1,2,above chikou,1,36,above chikou,1,192,above chikou,255
TTC,Toro Company (The),1,22,above chikou,98.88999938964844,0,-19,below chikou,1,3,above chikou,1,10,above chikou,16
TTD,Trade Desk (The),-1,-93,below chikou,11.979999542236328,-1,-10,below chikou,-1,-87,below chikou,-1,-15,below chikou,-205
TTEK,Tetra Tech,0,6,above chikou,33.380001068115234,-1,-11,below chikou,1,7,above chikou,-1,-8,below chikou,-6
TTMI,TTM Technologies,1,22,above chikou,132.7100067138672,1,8,above chikou,1,77,above chikou,1,36,above chikou,143
TTWO,Take-Two Interactive,0,-13,below chikou,202.52999877929688,-1,-26,below chikou,0,10,above chikou,1,28,above chikou,-1
TW,Tradeweb,1,35,above chikou,107.11000061035156,0,-15,below chikou,-1,-20,below chikou,0,-6,below chikou,-6
TWLO,Twilio,-1,-7,below chikou,300.9100036621094,1,11,above chikou,1,56,above chikou,1,24,above chikou,84
TXN,Texas Instruments,1,85,above chikou,297.2300109863281,1,8,above chikou,1,37,above chikou,1,30,above chikou,160
TXRH,Texas Roadhouse,1,12,above chikou,163.57000732421875,-1,-25,below chikou,0,23,above chikou,0,-2,below chikou,8
TXT,Textron,-1,-14,below chikou,75.52999877929688,-1,-49,below chikou,-1,-13,below chikou,-1,-3,below chikou,-79
TYL,Tyler Technologies,1,25,above chikou,330.9100036621094,-1,-9,below chikou,0,-5,below chikou,-1,-9,below chikou,2
U,Unity Technologies,1,28,above chikou,45.68000030517578,1,1,above chikou,1,10,above chikou,1,6,above chikou,45
UAL,United Airlines Holdings,1,7,above chikou,111.87000274658205,0,-47,below chikou,1,21,above chikou,1,31,above chikou,12
UBER,Uber,1,14,above chikou,69.4800033569336,-1,-14,below chikou,-1,-5,below chikou,0,3,above chikou,-2
UDR,"UDR, Inc.",1,7,above chikou,33.90999984741211,-1,-45,below chikou,0,24,above chikou,-1,-2,below chikou,-16
UGI,UGI Corporation,1,21,above chikou,37.150001525878906,-1,-8,below chikou,0,7,above chikou,1,18,above chikou,38
UHAL,U-Haul,1,22,above chikou,60.66999816894531,-1,-30,below chikou,1,21,above chikou,-1,-1,below chikou,12
UHAL-B,U-Haul (Series N),0,23,above chikou,53.220001220703125,-1,-30,below chikou,1,20,above chikou,-1,-13,below chikou,0
UHS,Universal Health Services,0,14,above chikou,177.0800018310547,1,1,above chikou,0,-29,below chikou,-1,-6,below chikou,-20
UI,Ubiquiti,1,28,above chikou,626.47998046875,1,4,above chikou,-1,-16,below chikou,1,24,above chikou,40
ULS,UL Solutions,1,31,above chikou,68.25,-1,-45,below chikou,-1,-7,below chikou,1,5,above chikou,-16
ULTA,Ulta Beauty,1,7,above chikou,547.2899780273438,1,13,above chikou,0,3,above chikou,1,15,above chikou,38
UNH,UnitedHealth Group,1,9,above chikou,376.3200073242188,-1,-45,below chikou,1,23,above chikou,-1,-19,below chikou,-32
UNM,Unum,1,14,above chikou,91.83000183105467,-1,-5,below chikou,1,26,above chikou,1,57,above chikou,92
UNP,Union Pacific Corporation,1,21,above chikou,276.6099853515625,-1,-26,below chikou,1,55,above chikou,1,40,above chikou,90
UPS,United Parcel Service,-1,-19,below chikou,93.11000061035156,-1,-49,below chikou,0,5,above chikou,-1,-40,below chikou,-103
URI,United Rentals,1,21,above chikou,1080.6199951171875,1,3,above chikou,1,24,above chikou,1,75,above chikou,123
USB,U.S. Bancorp,1,1,above chikou,57.290000915527344,-1,-21,below chikou,1,60,above chikou,1,18,above chikou,58
USFD,US Foods,1,22,above chikou,94.62999725341795,-1,-19,below chikou,1,36,above chikou,1,53,above chikou,92
UTHR,United Therapeutics,-1,-2,below chikou,541.6199951171875,1,5,above chikou,-1,-4,below chikou,1,73,above chikou,72
UWMC,United Wholesale Mortgage,1,1,above chikou,1.2899999618530271,-1,-14,below chikou,-1,-34,below chikou,-1,-9,below chikou,-56
V,Visa Inc.,1,11,above chikou,370.6400146484375,-1,-6,below chikou,1,15,above chikou,1,36,above chikou,56
VEEV,Veeva Systems,0,-8,below chikou,283.45001220703125,0,73,above chikou,1,10,above chikou,1,3,above chikou,78
VFC,VF Corporation,1,7,above chikou,14.449999809265137,1,4,above chikou,-1,-19,below chikou,0,11,above chikou,3
VIAV,Viavi Solutions,1,88,above chikou,48.13999938964844,1,7,above chikou,1,57,above chikou,1,14,above chikou,166
VICI,Vici Properties,1,1,above chikou,22.530000686645508,-1,-34,below chikou,-1,-17,below chikou,-1,-2,below chikou,-52
VICR,Vicor Corporation,-1,-2,below chikou,299.2900085449219,1,11,above chikou,1,52,above chikou,1,12,above chikou,73
VIK,Viking Holdings,1,20,above chikou,81.02999877929688,-1,-36,below chikou,1,71,above chikou,1,4,above chikou,59
VIRT,Virtu Financial,1,37,above chikou,62.880001068115234,-1,-10,below chikou,1,31,above chikou,1,28,above chikou,86
VKTX,Viking Therapeutics,-1,-51,below chikou,29.280000686645508,-1,-6,below chikou,-1,-1,below chikou,-1,-6,below chikou,-64
VLO,Valero Energy,1,45,above chikou,419.2200012207031,1,70,above chikou,1,69,above chikou,1,17,above chikou,201
VLTO,Veralto,1,9,above chikou,96.56999969482422,-1,-18,below chikou,1,9,above chikou,-1,-6,below chikou,-6
VMC,Vulcan Materials,1,14,above chikou,248.8500061035156,-1,-54,below chikou,-1,-13,below chikou,0,74,above chikou,21
VMI,Valmont Industries,1,33,above chikou,486.8900146484375,1,1,above chikou,1,68,above chikou,1,17,above chikou,119
VMRK,Vivmark Residential,1,1,above chikou,60.369998931884766,-1,-43,below chikou,1,26,above chikou,-1,-2,below chikou,-18
VNO,Vornado Realty Trust,1,1,above chikou,33.52000045776367,-1,-35,below chikou,1,18,above chikou,0,27,above chikou,11
VNOM,Viper Energy,1,16,above chikou,40.869998931884766,-1,-10,below chikou,-1,-4,below chikou,0,58,above chikou,60
VNT,Vontier,1,25,above chikou,31.88999938964844,-1,-19,below chikou,-1,-34,below chikou,0,-6,below chikou,-34
VOYA,Voya Financial,1,18,above chikou,98.0999984741211,-1,-10,below chikou,1,25,above chikou,1,7,above chikou,40
VRSK,Verisk Analytics,-1,-21,below chikou,165.1999969482422,-1,-41,below chikou,0,-6,below chikou,-1,-13,below chikou,-81
VRSN,Verisign,1,23,above chikou,293.1000061035156,0,-4,below chikou,1,26,above chikou,1,23,above chikou,68
VRT,Vertiv,1,21,above chikou,253.6199951171875,-1,-18,below chikou,0,-4,below chikou,1,41,above chikou,40
VRTX,Vertex Pharmaceuticals,-1,-28,below chikou,502.30999755859375,-1,-8,below chikou,1,36,above chikou,0,112,above chikou,112
VSNT,Versant,1,4,above chikou,31.020000457763672,-1,-16,below chikou,-1,-3,below chikou,0,0,neutral chikou,-15
VST,Vistra Corp.,1,14,above chikou,144.88999938964844,1,5,above chikou,0,-43,below chikou,1,56,above chikou,32
VTR,"Ventas, Inc.",-1,-39,below chikou,81.86000061035156,-1,-40,below chikou,0,151,above chikou,1,28,above chikou,100
VTRS,Viatris,-1,-25,below chikou,17.540000915527344,1,15,above chikou,1,58,above chikou,1,15,above chikou,63
VVV,Valvoline,1,74,above chikou,30.34000015258789,-1,-46,below chikou,-1,-9,below chikou,-1,-14,below chikou,5
VZ,Verizon,0,-42,below chikou,45.97999954223633,-1,-11,below chikou,0,-3,below chikou,1,25,above chikou,-31
W,Wayfair,1,42,above chikou,106.0500030517578,0,-8,below chikou,1,9,above chikou,1,17,above chikou,60
WAB,Wabtec,1,14,above chikou,291.1600036621094,0,-26,below chikou,1,60,above chikou,1,68,above chikou,116
WAL,Western Alliance Bancorporation,1,15,above chikou,76.08999633789062,-1,-33,below chikou,0,5,above chikou,0,28,above chikou,15
WAT,Waters Corporation,1,1,above chikou,436.4299926757813,1,55,above chikou,1,10,above chikou,1,27,above chikou,93
WBD,Warner Bros. Discovery,1,23,above chikou,30.950000762939453,1,41,above chikou,1,5,above chikou,1,14,above chikou,83
WBS,Webster Bank,-1,-20,below chikou,77.56999969482422,0,0,neutral chikou,0,0,neutral chikou,0,0,neutral chikou,-20
WCC,Wesco International,1,25,above chikou,384.0899963378906,1,11,above chikou,1,68,above chikou,1,72,above chikou,176
WDAY,"Workday, Inc.",0,-8,below chikou,188.9600067138672,-1,-10,below chikou,1,10,above chikou,-1,-10,below chikou,-18
WDC,Western Digital,-1,-21,below chikou,411.0400085449219,-1,-3,below chikou,1,70,above chikou,1,31,above chikou,77
WEC,WEC Energy Group,1,6,above chikou,103.19000244140624,-1,-49,below chikou,-1,-8,below chikou,1,24,above chikou,-27
WELL,Welltower,-1,-37,below chikou,225.77999877929688,-1,-16,below chikou,1,185,above chikou,1,72,above chikou,204
WEX,WEX Inc.,0,12,above chikou,171.47999572753906,-1,-12,below chikou,1,13,above chikou,0,-2,below chikou,11
WFC,Wells Fargo,1,14,above chikou,81.51000213623047,-1,-14,below chikou,0,6,above chikou,1,35,above chikou,41
WFRD,Weatherford International,1,14,above chikou,82.31999969482422,-1,-16,below chikou,-1,-14,below chikou,-1,-5,below chikou,-21
WH,Wyndham Hotels & Resorts,1,6,above chikou,71.22000122070312,-1,-24,below chikou,-1,-13,below chikou,0,26,above chikou,-5
WHR,Whirlpool Corporation,0,-53,below chikou,30.14999961853028,-1,-20,below chikou,-1,-33,below chikou,-1,-49,below chikou,-155
WING,Wingstop,1,8,above chikou,106.83999633789062,0,-55,below chikou,-1,-50,below chikou,-1,-8,below chikou,-105
WLK,Westlake Corporation,1,13,above chikou,63.38999938964844,-1,-19,below chikou,-1,-13,below chikou,-1,-19,below chikou,-38
WM,"Waste Management, Inc.",1,8,above chikou,207.8800048828125,-1,-39,below chikou,-1,-8,below chikou,1,194,above chikou,155
WMB,Williams Companies,1,22,above chikou,72.38999938964844,-1,-12,below chikou,0,-3,below chikou,1,69,above chikou,76
WMS,Advanced Drainage Systems,1,14,above chikou,129.42999267578125,-1,-35,below chikou,-1,-13,below chikou,-1,-6,below chikou,-40
WMT,Walmart,1,6,above chikou,107.1999969482422,1,2,above chikou,-1,-13,below chikou,1,112,above chikou,107
WPC,W. P. Carey,0,-64,below chikou,64.01000213623047,-1,-35,below chikou,-1,-5,below chikou,1,16,above chikou,-88
WRB,W. R. Berkley Corporation,1,36,above chikou,69.6500015258789,1,3,above chikou,1,5,above chikou,1,194,above chikou,238
WSC,WillScot Mobile Mini,1,6,above chikou,17.06999969482422,-1,-55,below chikou,0,-7,below chikou,-1,-25,below chikou,-81
WSM,"Williams-Sonoma, Inc.",1,22,above chikou,242.25,1,1,above chikou,1,21,above chikou,1,36,above chikou,80
WSO,Watsco,-1,-50,below chikou,290.8299865722656,-1,-6,below chikou,-1,-12,below chikou,-1,-4,below chikou,-72
WST,West Pharmaceutical Services,1,4,above chikou,372.6400146484375,1,17,above chikou,1,26,above chikou,1,3,above chikou,50
WTFC,Wintrust Financial,1,15,above chikou,144.94000244140625,-1,-35,below chikou,0,28,above chikou,1,40,above chikou,48
WTM,White Mountains Insurance Group,1,18,above chikou,2037.25,-1,-40,below chikou,-1,-8,below chikou,1,56,above chikou,26
WTRG,Essential Utilities,0,-14,below chikou,38.810001373291016,-1,-9,below chikou,0,16,above chikou,0,15,above chikou,8
WTS,Watts Water Technologies,1,22,above chikou,362.4500122070313,-1,-17,below chikou,1,77,above chikou,1,124,above chikou,206
WTW,Willis Towers Watson,0,7,above chikou,291.9800109863281,-1,-21,below chikou,1,11,above chikou,1,4,above chikou,1
WU,Western Union,1,14,above chikou,6.139999866485596,-1,-18,below chikou,-1,-22,below chikou,-1,-61,below chikou,-87
WULF,TeraWulf,1,3,above chikou,14.970000267028809,-1,-67,below chikou,0,61,above chikou,1,27,above chikou,24
WWD,"Woodward, Inc.",0,6,above chikou,332.5599975585937,-1,-50,below chikou,-1,-9,below chikou,1,39,above chikou,-14
WY,Weyerhaeuser,0,-100,below chikou,18.600000381469727,-1,-26,below chikou,-1,-13,below chikou,-1,-31,below chikou,-170
WYNN,Wynn Resorts,0,-34,below chikou,76.62000274658203,-1,-28,below chikou,-1,-33,below chikou,0,15,above chikou,-80
XE,X-energy,1,7,above chikou,14.40999984741211,-1,-18,below chikou,0,0,neutral chikou,0,0,neutral chikou,-11
XEL,Xcel Energy,1,36,above chikou,72.7300033569336,-1,-48,below chikou,-1,-8,below chikou,1,24,above chikou,4
XOM,ExxonMobil,1,34,above chikou,164.47999572753906,1,4,above chikou,1,69,above chikou,1,59,above chikou,166
XP,XP Inc.,1,35,above chikou,28.14999961853028,1,30,above chikou,1,4,above chikou,1,3,above chikou,72
XPO,"XPO, Inc.",1,31,above chikou,183.4900054931641,-1,-35,below chikou,-1,-7,below chikou,1,43,above chikou,32
XYL,Xylem Inc.,1,16,above chikou,104.56999969482422,-1,-36,below chikou,-1,-35,below chikou,-1,-6,below chikou,-61
XYZ,"Block, Inc.",1,21,above chikou,76.2300033569336,-1,-24,below chikou,1,22,above chikou,1,4,above chikou,23
YETI,Yeti Holdings,-1,-33,below chikou,40.52000045776367,-1,-37,below chikou,1,4,above chikou,0,6,above chikou,-60
YUM,Yum! Brands,1,7,above chikou,139.83999633789062,-1,-22,below chikou,-1,-13,below chikou,1,35,above chikou,7
Z,Zillow (Class C),1,22,above chikou,27.40999984741211,-1,-20,below chikou,-1,-41,below chikou,-1,-8,below chikou,-47
ZBH,Zimmer Biomet,1,10,above chikou,89.68000030517578,-1,-14,below chikou,-1,-1,below chikou,-1,-29,below chikou,-34
ZBRA,Zebra Technologies,1,38,above chikou,385.7799987792969,1,7,above chikou,1,15,above chikou,1,3,above chikou,63
ZG,Zillow (Class A),1,21,above chikou,28.36000061035156,-1,-21,below chikou,-1,-41,below chikou,-1,-8,below chikou,-49
ZION,Zions Bancorporation,1,15,above chikou,62.84999847412109,-1,-34,below chikou,1,28,above chikou,1,24,above chikou,33
ZM,Zoom Communications,1,28,above chikou,93.62000274658205,-1,-19,below chikou,1,14,above chikou,1,18,above chikou,41
ZS,Zscaler,1,14,above chikou,201.8000030517578,1,59,above chikou,1,9,above chikou,1,1,above chikou,83
ZTS,Zoetis,1,12,above chikou,71.41000366210938,-1,-23,below chikou,-1,-95,below chikou,-1,-17,below chikou,-123
